precursor,tier,best_cosine,second_cosine,molecule_gap,entropy_best,passes_995,n_molecules,top1_ik14,top1_formula,top1_smiles,top1_usi,top1_halogens,top1_halogen_flag,top1_delta_ppm_vs_mh,top1_analog_mass_match,top2_ik14,top2_formula,top2_cosine
221.98455811,A_gate_passed,0.9494,0.1239,0.8255,0.421,True,603,SJPZAKSXLKKMPP,C8H7FN6O,N=c1nc(N=C(O)c2ccc(F)nc2)[nH][nH]1,mzspec:GNPS:MULTIPLEX-SYNTHESIS-LIBRARY-ALL-PARTITION-4:accession:CCMSLIB00015043861,{'F': 1},True,-4882.9,True,IQZNJFBQFZVJFU,C12H12FNO2,0.1239
273.08055416,B1_high_score_contested,0.9808,0.9691,0.0117,0.4066,False,1145,SERHVCXTIMCXBT,C14H10F2N4,Nc1c(-c2ccc(F)cc2)nnn1-c1ccccc1F,mzspec:GNPS:MSNLIB-POSITIVE:accession:CCMSLIB00012868980,{'F': 2},True,-51.5,True,LEAKQIXYSHIHCW,C14H13ClN4,0.9691
342.08806471,B1_high_score_contested,0.9665,0.7611,0.2054,0.3982,False,2144,UUBWNPOOIAGVSU,C20H29N3O2,Cc1ccc(C(=O)N2CCC(C(=O)N3CCC(C)CC3)CC2)c(C)n1,mzspec:GNPS:MSNLIB-POSITIVE:accession:CCMSLIB00012749094,,False,-6231.8,True,OFCKPPQPUUMOBI,C19H21N3O3,0.7611
207.01485208,B1_high_score_contested,0.9342,0.9228,0.0113,0.4621,False,549,PWICTTOVWSNXRV,C12H15NO2,O=C(O)c1cccc(CN2CCCC2)c1,mzspec:GNPS:MSNLIB-POSITIVE:accession:CCMSLIB00012872958,,False,4353.3,True,DOEIPZUTRVMWAB,C12H15NO2,0.9228
313.11963202,B1_high_score_contested,0.9237,0.9179,0.0059,0.3985,False,1798,AFUFYTAYFCQENI,C14H15F3N4O,CC(C)(C)C(N=C(O)c1ccnc2nccnc12)C(F)(F)F,mzspec:GNPS:MSNLIB-POSITIVE:accession:CCMSLIB00012766531,{'F': 3},True,-23.8,True,HVEFOAIIKVXXLG,C15H18F2N2O3,0.9179
190.07231097,B2_sub_hit_analog,0.7403,0.4675,0.2727,,False,303,YRRBXJLFCBCKNW,C8H18N2OS,CCSC(=O)NCCCN(C)C,mzspec:GNPS:WFSR-LIBRARY:accession:CCMSLIB00013938196,,False,-5488.4,True,YMSMEZAYZIYFGA,C9H10F3N,0.4675
251.0788234,B2_sub_hit_analog,0.7278,0.7278,0.0,,False,834,HEJOXXHRNGYHJF,C13H17NO4,COc1ccc(C(=O)NCCCC(=O)O)c(C)c1,mzspec:GNPS:MULTIPLEX-SYNTHESIS-LIBRARY-ALL-PARTITION-3:accession:CCMSLIB00015133887,,False,-4141.7,True,LBSOBHXUJLTKNH,C13H17NO4,0.7278
244.02293396,B2_sub_hit_analog,0.7053,0.7053,0.0,,False,685,YPMWBANGSOGRGL,C15H17NO2,CCCCCC(=O)Oc1cnc2ccccc2c1,mzspec:GNPS:MULTIPLEX-SYNTHESIS-LIBRARY-ALL-PARTITION-2:accession:CCMSLIB00015171140,,False,-451.7,True,JVHGAPIUBJHOAV,C15H17NO2,0.7053
218.06719234,C_dark,0.6849,0.462,0.2229,,False,484,WVVUGOCPOVLEAI,C12H11NO3,CC(C(=O)O)n1ccc2ccccc2c1=O,mzspec:GNPS:MSNLIB-POSITIVE:accession:CCMSLIB00012936850,,False,-64.1,True,VAHXOHHQHVUNQS,C12H8FNO2,0.462
138.0561676,C_dark,0.6687,0.0051,0.6636,,False,4,LDHMAVIPBRSVRG,C7H9N2O+,C[n+]1cccc(C(N)=O)c1,mzspec:GNPS:GNPS-EMBL-MCF:accession:CCMSLIB00000577991,,False,-159.7,True,UJWHLERCFNIFNJ,C8H11NO,0.0051
346.05616339,C_dark,0.3832,0.3703,0.0129,,False,2109,IFCPABKBYRVXAD,C13H13F2N3O4S,O=C(O)C1CN(S(=O)(=O)c2c[nH]c3ncccc23)CCC1(F)F,mzspec:GNPS:MSNLIB-POSITIVE:accession:CCMSLIB00012779463,{'F': 2},True,-30.6,True,NSSBLCWNITXZRU,C16H15N3O2S2,0.3703
359.12527466,C_dark,0.3802,0.2736,0.1066,,False,1915,QPVWCVAYEPEYHS,C14H20N2O9,O=C(O)[C@H](Cc1ccc(O)c([N+](=O)[O-])c1)NC[C@H](O)[C@H](O)[C@H](O)CO,mzspec:GNPS:GNPS-ALKYLAMINES-LIBRARY:accession:CCMSLIB00016351319,,False,-5535.2,True,MMLFNDXYPQWLLT,C18H24N4O4,0.2736
207.1028424,C_dark,0.3164,0.3164,0.0,,False,549,PEEBXRCYWBOCJM,C11H14N2O2,CC(=O)CCC(=O)N=c1cc[nH]cc1C,mzspec:GNPS:MULTIPLEX-SYNTHESIS-LIBRARY-ALL-PARTITION-3:accession:CCMSLIB00015146970,,False,-48.1,True,PDNWPZJXHJTNMH,C11H14N2O2,0.3164
190.01815796,C_dark,0.2892,0.2369,0.0523,,False,303,CLYOMCMDBNNGSM,C5H4BrFN2,Nc1cc(Br)cnc1F,mzspec:GNPS:MULTIPLEX-SYNTHESIS-LIBRARY-ALL-PARTITION-4:accession:CCMSLIB00015089269,"{'F': 1, 'Br': 1}",True,-4939.8,True,VOVAQGOCBYJSHC,C9H7N3O2,0.2369
406.02178266,C_dark,0.2722,0.2722,0.0,,False,1681,SUYLKGWDBBKRNB,C19H22N2O4S2,CCCCCC(C)OC(=O)c1ccc(SSc2ccc(C(=O)O)cn2)nc1,mzspec:GNPS:MULTIPLEX-SYNTHESIS-LIBRARY-ALL-PARTITION-2:accession:CCMSLIB00014919757,,False,-2671.5,True,YMUCCEWTLRPXIS,C19H22N2O4S2,0.2722
444.03234863,C_dark,0.2687,0.0202,0.2485,,False,1433,NJNXCJPSMWKXHO,C19H12F6N4O2,CC(Oc1ccc(-c2nc(-c3ccc4nc[nH]c4c3)no2)cc1C(F)(F)F)C(F)(F)F,mzspec:GNPS:GNPS-REFRAME-DRUG-CCS-LIBRARY:accession:CCMSLIB00016268107,{'F': 6},True,2118.4,True,MIHTTYXBXIRRGV,C17H30N8O4S,0.0202
181.96627045,C_dark,0.2301,0.0133,0.2168,,False,200,VPOLBKKAXMBJMI,C9H9FN2O,OC(=NC1CC1)c1ccc(F)nc1,mzspec:GNPS:MULTIPLEX-SYNTHESIS-LIBRARY-ALL-PARTITION-4:accession:CCMSLIB00015043993,{'F': 1},True,4910.1,True,CVBAZRKELSYLDE,C9H11NO3,0.0133
606.07515199,C_dark,0.1984,0.0401,0.1583,,False,848,QSMRBPGSBKBADN,C28H25BrClNO7,COC(=O)C1=C(C)N=C2CC(C)C3(Oc4c(Cl)c(OC)cc(OC)c4C3=O)C(O)=C2C1c1cccc(Br)c1,mzspec:GNPS:BMDMS-NP:accession:CCMSLIB00006536187,"{'Cl': 1, 'Br': 1}",True,6673.1,True,RFXCTIUBJIXUOH,C20H22I2N2O4,0.0401
215.03295898,C_dark,0.1863,0.0617,0.1246,,False,476,ZUNGQBVJRKUYJD,C7H4F2N4O2,O=C(O)c1cnc2ncnn2c1C(F)F,mzspec:GNPS:MSNLIB-POSITIVE:accession:CCMSLIB00012878675,{'F': 2},True,-21.2,True,XCULDPCOTWRRAU,C10H15NO2S,0.0617
426.02278137,C_dark,0.1678,0.1678,0.0,,False,900,UNLQJLDLLHWHED,C23H38N2O5,CCCCCCCCCCCC(=O)N(C)CC(=O)OCc1cnc(C)c(O)c1CO,mzspec:GNPS:MULTIPLEX-SYNTHESIS-LIBRARY-ALL-PARTITION-5:accession:CCMSLIB00015284781,,False,6467.1,True,PNTCQQWURIISLR,C23H38N2O5,0.1678
230.99705505,C_dark,0.1403,0.102,0.0383,,False,609,BAJHDUZEIKRKAS,C11H10FeO2,O=C(O)c1ccc[cH-]1.[Fe+2].c1cc[cH-]c1,mzspec:GNPS:MULTIPLEX-SYNTHESIS-LIBRARY-ALL-PARTITION-5:accession:CCMSLIB00015256234,,False,-57.3,True,PBYVJDNJAGCRSR,C9H8Cl2N2O,0.102
280.90861578,C_dark,0.1388,0.0339,0.1048,,False,1203,NJYNDGBRTMMXHL,C14H19NO3S,CC(C)S(=O)(=O)c1ccccc1C(O)=NC1CCC1,mzspec:GNPS:MSNLIB-POSITIVE:accession:CCMSLIB00012808902,,False,-4279.2,True,GTZCKTIZOGTWQO,C10H15O5PS,0.0339
421.14851577,C_dark,0.1205,0.084,0.0365,,False,1266,TYNYTRDUTWFNPF,C25H23FN2O3,O=C(c1ccc(F)cc1)N1CC(O)CC1C(O)=NCc1ccc(-c2ccccc2)cc1,mzspec:GNPS:MSNLIB-POSITIVE:accession:CCMSLIB00012805414,{'F': 1},True,4704.4,True,QYPNMENZKVVVGF,C27H31NO3,0.084
169.99194609,C_dark,0.0701,0.0405,0.0297,,False,232,YSKWMYLRGKBHQR,C7H7NO2S,O=C(O)c1csc(C2CC2)n1,mzspec:GNPS:MSNLIB-POSITIVE:accession:CCMSLIB00012956326,,False,-206.3,True,WKJZCJVCVKTKBR,C7H7NO2S,0.0405
168.04331855,C_dark,0.0627,0.0112,0.0515,,False,196,MUJWLBCYTZYEQA,C9H10ClN,NC1(c2ccc(Cl)cc2)CC1,mzspec:GNPS:MULTIPLEX-SYNTHESIS-LIBRARY-ALL-PARTITION-5:accession:CCMSLIB00015262494,{'Cl': 1},True,-84.1,True,DREYJVRZLKQJDG,C8H9NOS,0.0112
146.02819736,C_dark,0.0409,0.0124,0.0285,,False,21,BABFRBCLCKFQNF,C8H19NO,CCCC(C)NCCCO,mzspec:GNPS:GNPS-ALKYLAMINES-LIBRARY:accession:CCMSLIB00016349769,,False,-860.3,True,ARPJAIZFQPPBHM,C6H11NO3,0.0124
533.10602466,C_dark,0.0202,0.0071,0.0132,,False,1231,UCPZVMDUQZOOPU,C26H32Cl2N6O2,O=C(NCCCNCCCCNCCCN=C(O)c1cc(Cl)nc(Cl)c1)c1ccc2ccccc2n1,mzspec:GNPS:MULTIPLEX-SYNTHESIS-LIBRARY-ALL-PARTITION-3:accession:CCMSLIB00015166580,{'Cl': 2},True,3581.2,True,RROMPAUEIXTERN,C19H24IN5O5,0.0071
162.02322388,C_dark,0.0101,0.003,0.0071,,False,75,WOCQGWHMXPRWHW,C6H11NO4,CC(O)C(O)=N[C@@H](C)C(=O)O,mzspec:GNPS:MULTIPLEX-SYNTHESIS-LIBRARY-ALL-PARTITION-3:accession:CCMSLIB00014951254,,False,-326.1,True,ITQBMXTUIWJKBZ,C7H16N2O2,0.003
144.10314178,C_dark,0.0,0.0,0.0,,False,26,IPBFYZQJXZJBFQ,C8H14O2,CCCCC1CCC(=O)O1,mzspec:GNPS:CMMC-FOOD-BIOMARKERS:accession:CCMSLIB00013576843,,False,6963.2,True,KFICFRXVWYPCCL,C8H18N2,0.0
91.02874374,C_dark,0.0,0.0,0.0,,False,0,,,,,,False,,,,,
