precursor,ik14,cosine,formula,usi_tail
342.08806471,UUBWNPOOIAGVSU,0.9665,C20H29N3O2,zspec:GNPS:MSNLIB-POSITIVE:accession:CCMSLIB00012749094
342.08806471,OFCKPPQPUUMOBI,0.7611,C19H21N3O3,zspec:GNPS:MSNLIB-POSITIVE:accession:CCMSLIB00012794070
342.08806471,NXAHDVNAUVAVOM,0.7062,C14H13FN2O5S,zspec:GNPS:MSNLIB-POSITIVE:accession:CCMSLIB00012776522
342.08806471,OFTJLGWSVHMOTN,0.6706,C16H15N5O4,IS-LIBRARY-ALL-PARTITION-5:accession:CCMSLIB00015309500
342.08806471,BONLTLUBUSHBNE,0.6706,C16H15N5O4,IS-LIBRARY-ALL-PARTITION-5:accession:CCMSLIB00015309498
190.07231097,YRRBXJLFCBCKNW,0.7403,C8H18N2OS,mzspec:GNPS:WFSR-LIBRARY:accession:CCMSLIB00013938196
190.07231097,YMSMEZAYZIYFGA,0.4675,C9H10F3N,:GNPS-ION-MOBILITY-LIBRARY:accession:CCMSLIB00016212352
190.07231097,JGRPKOGHYBAVMW,0.3006,C10H7NO3,zspec:GNPS:MSNLIB-POSITIVE:accession:CCMSLIB00012875866
190.07231097,GDGXRJDVOKNSCX,0.2922,C10H7NO3,zspec:GNPS:MSNLIB-POSITIVE:accession:CCMSLIB00012884185
190.07231097,PPQVAHVZIBDHDB,0.2785,C10H7NO3,zspec:GNPS:MSNLIB-POSITIVE:accession:CCMSLIB00012879312
251.0788234,HEJOXXHRNGYHJF,0.7278,C13H17NO4,IS-LIBRARY-ALL-PARTITION-3:accession:CCMSLIB00015133887
251.0788234,LBSOBHXUJLTKNH,0.7278,C13H17NO4,IS-LIBRARY-ALL-PARTITION-3:accession:CCMSLIB00015133951
251.0788234,XWAWBHSLAXRYRN,0.7276,C13H15NO4,IS-LIBRARY-ALL-PARTITION-5:accession:CCMSLIB00015265894
251.0788234,GCNXSZNMYYPFGF,0.7274,C13H17NO4,IS-LIBRARY-ALL-PARTITION-4:accession:CCMSLIB00015250383
251.0788234,MNUDLFLEPDHCCR,0.7274,C13H17NO4,IS-LIBRARY-ALL-PARTITION-4:accession:CCMSLIB00015250340
533.10602466,UCPZVMDUQZOOPU,0.0202,C26H32Cl2N6O2,IS-LIBRARY-ALL-PARTITION-3:accession:CCMSLIB00015166580
533.10602466,RROMPAUEIXTERN,0.0071,C19H24IN5O5,S:REFRAME-POSITIVE-LIBRARY:accession:CCMSLIB00016145467
533.10602466,ZLUOAFAJSUPHOG,0.0032,C25H20F4N4O3S,S-REFRAME-DRUG-CCS-LIBRARY:accession:CCMSLIB00016269686
533.10602466,GTGSECWRICMLSA,0.0011,C32H54N2O4,IS-LIBRARY-ALL-PARTITION-6:accession:CCMSLIB00016329295
533.10602466,NUWXVRXXQOYWJS,0.0011,C32H54N2O4,IS-LIBRARY-ALL-PARTITION-6:accession:CCMSLIB00016329237
218.06719234,WVVUGOCPOVLEAI,0.6849,C12H11NO3,zspec:GNPS:MSNLIB-POSITIVE:accession:CCMSLIB00012936850
218.06719234,VAHXOHHQHVUNQS,0.462,C12H8FNO2,zspec:GNPS:MSNLIB-POSITIVE:accession:CCMSLIB00012883216
218.06719234,IZUOQXWRSVPGRM,0.4281,C12H11NO3,zspec:GNPS:MSNLIB-POSITIVE:accession:CCMSLIB00012992806
218.06719234,NKZZIJAHOJMTFA,0.4211,C8H9F2N3O2,zspec:GNPS:MSNLIB-POSITIVE:accession:CCMSLIB00012876565
218.06719234,XBQMSEMHUXMTQF,0.417,C12H11NO3,zspec:GNPS:MSNLIB-POSITIVE:accession:CCMSLIB00012885163
606.07515199,QSMRBPGSBKBADN,0.1984,C28H25BrClNO7,mzspec:GNPS:BMDMS-NP:accession:CCMSLIB00006536187
606.07515199,RFXCTIUBJIXUOH,0.0401,C20H22I2N2O4,IS-LIBRARY-ALL-PARTITION-4:accession:CCMSLIB00014956677
606.07515199,TVUMDDGJRMMIQB,0.0043,C39H54O5,:GNPS-ION-MOBILITY-LIBRARY:accession:CCMSLIB00017429992
606.07515199,YKBOANIGYIONAL,0.0035,C27H22F3N5O8,mzspec:GNPS:WFSR-LIBRARY:accession:CCMSLIB00013938268
606.07515199,IWMYIWLIESDFRZ,0.003,C30H33Cl2F2N5O2,:GNPS-ION-MOBILITY-LIBRARY:accession:CCMSLIB00016227101
207.01485208,PWICTTOVWSNXRV,0.9342,C12H15NO2,zspec:GNPS:MSNLIB-POSITIVE:accession:CCMSLIB00012872958
207.01485208,DOEIPZUTRVMWAB,0.9228,C12H15NO2,zspec:GNPS:MSNLIB-POSITIVE:accession:CCMSLIB00012874439
207.01485208,WUAITMNLNBBBJD,0.921,C12H17NO2,:GNPS-ION-MOBILITY-LIBRARY:accession:CCMSLIB00017433492
207.01485208,SSNHQUVJTYDUOG,0.9054,C12H14O3,-MOBILITY-LIBRARY-FILTERED:accession:CCMSLIB00017427653
207.01485208,VNPZTGVUVXXEEG,0.8145,C12H14O3,IS-LIBRARY-ALL-PARTITION-2:accession:CCMSLIB00015252226
207.1028424,PEEBXRCYWBOCJM,0.3164,C11H14N2O2,IS-LIBRARY-ALL-PARTITION-3:accession:CCMSLIB00015146970
207.1028424,PDNWPZJXHJTNMH,0.3164,C11H14N2O2,IS-LIBRARY-ALL-PARTITION-3:accession:CCMSLIB00015145521
207.1028424,HRDMRGSQKSPROC,0.2789,C9H10N4O2,zspec:GNPS:MSNLIB-POSITIVE:accession:CCMSLIB00012873169
207.1028424,JVWZRUBYGPLQSC,0.2256,C11H14N2O2,IS-LIBRARY-ALL-PARTITION-5:accession:CCMSLIB00015279796
207.1028424,RRORMRIOTRAKRM,0.2226,C11H14N2O2,zspec:GNPS:MSNLIB-POSITIVE:accession:CCMSLIB00012876496
138.0561676,LDHMAVIPBRSVRG,0.6687,C7H9N2O+,mzspec:GNPS:GNPS-EMBL-MCF:accession:CCMSLIB00000577991
138.0561676,UJWHLERCFNIFNJ,0.0051,C8H11NO,S:GNPS-ALKYLAMINES-LIBRARY:accession:CCMSLIB00016356359
138.0561676,FINHMKGKINIASC,0.0005,C8H12N2,zspec:GNPS:MSNLIB-POSITIVE:accession:CCMSLIB00013018032
138.0561676,JPGDYIGSCHWQCC,0.0,C8H11NO,S:REFRAME-POSITIVE-LIBRARY:accession:CCMSLIB00016147633
215.03295898,ZUNGQBVJRKUYJD,0.1863,C7H4F2N4O2,zspec:GNPS:MSNLIB-POSITIVE:accession:CCMSLIB00012878675
215.03295898,XCULDPCOTWRRAU,0.0617,C10H15NO2S,zspec:GNPS:MSNLIB-POSITIVE:accession:CCMSLIB00012976363
215.03295898,GKFLIRAXEAGJGO,0.0585,C9H7F2NO3,zspec:GNPS:MSNLIB-POSITIVE:accession:CCMSLIB00012966303
215.03295898,PSTBLRIBNXXEBS,0.047,C10H12ClNO2,zspec:GNPS:MSNLIB-POSITIVE:accession:CCMSLIB00012885430
215.03295898,QMWLEHKVQTUKRV,0.045,C10H15NO2S,IS-LIBRARY-ALL-PARTITION-2:accession:CCMSLIB00014948737
146.02819736,BABFRBCLCKFQNF,0.0409,C8H19NO,S:GNPS-ALKYLAMINES-LIBRARY:accession:CCMSLIB00016349769
146.02819736,ARPJAIZFQPPBHM,0.0124,C6H11NO3,S:GNPS-ALKYLAMINES-LIBRARY:accession:CCMSLIB00016353344
146.02819736,ILZICOAQBWVGHG,0.0124,C6H11NO3,S:GNPS-ALKYLAMINES-LIBRARY:accession:CCMSLIB00016353345
146.02819736,ZQLDIRGJHQCJQJ,0.0046,C7H15NS,S:GNPS-ALKYLAMINES-LIBRARY:accession:CCMSLIB00016350880
146.02819736,KKUYORHOKWFOEX,0.0038,C7H15NO2,S:GNPS-ALKYLAMINES-LIBRARY:accession:CCMSLIB00016344369
230.99705505,BAJHDUZEIKRKAS,0.1403,C11H10FeO2,IS-LIBRARY-ALL-PARTITION-5:accession:CCMSLIB00015256234
230.99705505,PBYVJDNJAGCRSR,0.102,C9H8Cl2N2O,IS-LIBRARY-ALL-PARTITION-5:accession:CCMSLIB00015314352
230.99705505,BUVULFTUXGSBOI,0.0786,C12H10N2O3,IS-LIBRARY-ALL-PARTITION-1:accession:CCMSLIB00014977227
230.99705505,SLTALWRVNZNPRQ,0.0617,C11H13N5O,IS-LIBRARY-ALL-PARTITION-3:accession:CCMSLIB00015196441
230.99705505,UVUGNBWSDCUEJY,0.05,C12H23NO3,:GNPS-ION-MOBILITY-LIBRARY:accession:CCMSLIB00017427759
406.02178266,SUYLKGWDBBKRNB,0.2722,C19H22N2O4S2,IS-LIBRARY-ALL-PARTITION-2:accession:CCMSLIB00014919757
406.02178266,YMUCCEWTLRPXIS,0.2722,C19H22N2O4S2,IS-LIBRARY-ALL-PARTITION-2:accession:CCMSLIB00014919750
406.02178266,WSZPGAWEGLRKSR,0.0913,C18H33N3O5S,IS-LIBRARY-ALL-PARTITION-6:accession:CCMSLIB00016317516
406.02178266,KAAYILYAOYQJTB,0.0913,C18H33N3O5S,IS-LIBRARY-ALL-PARTITION-6:accession:CCMSLIB00016317800
406.02178266,GOWBYRPHEJRTFG,0.0913,C18H33N3O5S,IS-LIBRARY-ALL-PARTITION-6:accession:CCMSLIB00016317460
421.14851577,TYNYTRDUTWFNPF,0.1205,C25H23FN2O3,zspec:GNPS:MSNLIB-POSITIVE:accession:CCMSLIB00012805414
421.14851577,QYPNMENZKVVVGF,0.084,C27H31NO3,IS-LIBRARY-ALL-PARTITION-6:accession:CCMSLIB00016282584
421.14851577,JBXARAPIPVSSCP,0.0805,C20H24FN3O4S,zspec:GNPS:MSNLIB-POSITIVE:accession:CCMSLIB00012833592
421.14851577,SBTQTMDQJJRJDA,0.0689,C26H45NO3,IS-LIBRARY-ALL-PARTITION-1:accession:CCMSLIB00015064811
421.14851577,FFNXOGSOZKPMNJ,0.065,C25H25NO5,IS-LIBRARY-ALL-PARTITION-4:accession:CCMSLIB00015184757
273.08055416,SERHVCXTIMCXBT,0.9808,C14H10F2N4,zspec:GNPS:MSNLIB-POSITIVE:accession:CCMSLIB00012868980
273.08055416,LEAKQIXYSHIHCW,0.9691,C14H13ClN4,S:REFRAME-POSITIVE-LIBRARY:accession:CCMSLIB00016150904
273.08055416,VSLIUWLPFRVCDL,0.9166,C14H12N2O2S,S:REFRAME-POSITIVE-LIBRARY:accession:CCMSLIB00016143943
273.08055416,XLBQNZICMYZIQT,0.8819,C15H13ClN2O,S:REFRAME-POSITIVE-LIBRARY:accession:CCMSLIB00016149387
273.08055416,IWURRMUTIGWAHZ,0.8515,C14H12N2O4,IS-LIBRARY-ALL-PARTITION-2:accession:CCMSLIB00015023349
346.05616339,IFCPABKBYRVXAD,0.3832,C13H13F2N3O4S,zspec:GNPS:MSNLIB-POSITIVE:accession:CCMSLIB00012779463
346.05616339,NSSBLCWNITXZRU,0.3703,C16H15N3O2S2,S:REFRAME-POSITIVE-LIBRARY:accession:CCMSLIB00016146145
346.05616339,HWDYNJKGDVNVJY,0.331,C16H15N3O2S2,zspec:GNPS:MSNLIB-POSITIVE:accession:CCMSLIB00012802622
346.05616339,DGGJUBDHDVMZIH,0.3033,C14H20INO,IS-LIBRARY-ALL-PARTITION-4:accession:CCMSLIB00015025485
346.05616339,OBZUKRPEAZHZCL,0.2067,C13H13F2N3O4S,zspec:GNPS:MSNLIB-POSITIVE:accession:CCMSLIB00012770745
144.10314178,IPBFYZQJXZJBFQ,0.0,C8H14O2,:GNPS:CMMC-FOOD-BIOMARKERS:accession:CCMSLIB00013576843
144.10314178,KFICFRXVWYPCCL,0.0,C8H18N2,S:GNPS-ALKYLAMINES-LIBRARY:accession:CCMSLIB00016350885
144.10314178,KOQNISNMBYPFKQ,0.0,C5H5NO2S,zspec:GNPS:MSNLIB-POSITIVE:accession:CCMSLIB00012883441
144.10314178,YXTMFYBABGJSBY,0.0,C5H5NO2S,zspec:GNPS:MSNLIB-POSITIVE:accession:CCMSLIB00012881834
144.10314178,LRKCFWRBMYJRIK,0.0,C6H9NO3,zspec:GNPS:MSNLIB-POSITIVE:accession:CCMSLIB00012877423
426.02278137,UNLQJLDLLHWHED,0.1678,C23H38N2O5,IS-LIBRARY-ALL-PARTITION-5:accession:CCMSLIB00015284781
426.02278137,PNTCQQWURIISLR,0.1678,C23H38N2O5,IS-LIBRARY-ALL-PARTITION-5:accession:CCMSLIB00015284768
426.02278137,DXTHIHLBOUUZHR,0.1678,C23H38N2O5,IS-LIBRARY-ALL-PARTITION-5:accession:CCMSLIB00015284811
426.02278137,VGVVRBYXNWRZBS,0.1571,C24H41NO5,IS-LIBRARY-ALL-PARTITION-4:accession:CCMSLIB00015107687
426.02278137,HZALPKDNMGWIAV,0.1571,C24H41NO5,IS-LIBRARY-ALL-PARTITION-4:accession:CCMSLIB00015107417
221.98455811,SJPZAKSXLKKMPP,0.9494,C8H7FN6O,IS-LIBRARY-ALL-PARTITION-4:accession:CCMSLIB00015043861
221.98455811,IQZNJFBQFZVJFU,0.1239,C12H12FNO2,IS-LIBRARY-ALL-PARTITION-2:accession:CCMSLIB00014910169
221.98455811,IOKWGFCAXYAKKM,0.1109,C10H8FN3O2,zspec:GNPS:MSNLIB-POSITIVE:accession:CCMSLIB00012869411
221.98455811,PBMHNTULTGNALX,0.1068,C10H10N2O2S,zspec:GNPS:MSNLIB-POSITIVE:accession:CCMSLIB00013003963
221.98455811,YBNPGRKGSRALNF,0.1049,C10H11N3OS,zspec:GNPS:MSNLIB-POSITIVE:accession:CCMSLIB00012884060
444.03234863,NJNXCJPSMWKXHO,0.2687,C19H12F6N4O2,S-REFRAME-DRUG-CCS-LIBRARY:accession:CCMSLIB00016268107
444.03234863,MIHTTYXBXIRRGV,0.0202,C17H30N8O4S,IS-LIBRARY-ALL-PARTITION-5:accession:CCMSLIB00015276999
444.03234863,GITAWLWBTMJPKH,0.0202,C17H30N8O4S,IS-LIBRARY-ALL-PARTITION-5:accession:CCMSLIB00015277194
444.03234863,GFMWTFHOZGLTLC,0.0202,C17H30N8O4S,IS-LIBRARY-ALL-PARTITION-5:accession:CCMSLIB00015277191
444.03234863,VIZLHGTVGKBBKO,0.0202,C17H30N8O4S,IS-LIBRARY-ALL-PARTITION-5:accession:CCMSLIB00015277007
162.02322388,WOCQGWHMXPRWHW,0.0101,C6H11NO4,IS-LIBRARY-ALL-PARTITION-3:accession:CCMSLIB00014951254
162.02322388,ITQBMXTUIWJKBZ,0.003,C7H16N2O2,IS-LIBRARY-ALL-PARTITION-1:accession:CCMSLIB00015013656
162.02322388,AEQQZQLIXZSVKF,0.003,C7H16N2O2,IS-LIBRARY-ALL-PARTITION-1:accession:CCMSLIB00015014580
162.02322388,IASIJDXUZOLTAH,0.002,C10H11NO,IS-LIBRARY-ALL-PARTITION-5:accession:CCMSLIB00015317233
162.02322388,VMIWHQCIHIUYCS,0.0015,C6H11NO4,IS-LIBRARY-ALL-PARTITION-2:accession:CCMSLIB00014922127
169.99194609,YSKWMYLRGKBHQR,0.0701,C7H7NO2S,zspec:GNPS:MSNLIB-POSITIVE:accession:CCMSLIB00012956326
169.99194609,WKJZCJVCVKTKBR,0.0405,C7H7NO2S,zspec:GNPS:MSNLIB-POSITIVE:accession:CCMSLIB00012935173
169.99194609,YGEZHIXGWRVVLY,0.0268,C8H11NO3,zspec:GNPS:MSNLIB-POSITIVE:accession:CCMSLIB00012871897
169.99194609,TUQLGMBKBYEDMH,0.0261,C7H7NO2S,zspec:GNPS:MSNLIB-POSITIVE:accession:CCMSLIB00013001409
169.99194609,NHTWRECCLOASMQ,0.0261,C7H8N2O3,zspec:GNPS:MSNLIB-POSITIVE:accession:CCMSLIB00012880926
168.04331855,MUJWLBCYTZYEQA,0.0627,C9H10ClN,IS-LIBRARY-ALL-PARTITION-5:accession:CCMSLIB00015262494
168.04331855,DREYJVRZLKQJDG,0.0112,C8H9NOS,IS-LIBRARY-ALL-PARTITION-3:accession:CCMSLIB00015244432
168.04331855,XIROXSOOOAZHLL,0.0045,C8H8O4,mzspec:GNPS:BMDMS-NP:accession:CCMSLIB00006544479
168.04331855,MCIWPTRDTKMNDP,0.0044,C8H9NO3,zspec:GNPS:MSNLIB-POSITIVE:accession:CCMSLIB00012874510
168.04331855,UKHQTXPEYDZFTJ,0.0033,C8H9NO3,zspec:GNPS:MSNLIB-POSITIVE:accession:CCMSLIB00012882351
359.12527466,QPVWCVAYEPEYHS,0.3802,C14H20N2O9,S:GNPS-ALKYLAMINES-LIBRARY:accession:CCMSLIB00016351319
359.12527466,MMLFNDXYPQWLLT,0.2736,C18H24N4O4,IS-LIBRARY-ALL-PARTITION-3:accession:CCMSLIB00015061250
359.12527466,IHBQDUQBUHJZJT,0.2736,C18H24N4O4,IS-LIBRARY-ALL-PARTITION-3:accession:CCMSLIB00015061080
359.12527466,ILNIFRXBRZEREE,0.1883,C18H20N2O6,IS-LIBRARY-ALL-PARTITION-3:accession:CCMSLIB00015081789
359.12527466,DNDWZFHLZVYOGF,0.1871,C18H35N3O4,IS-LIBRARY-ALL-PARTITION-3:accession:CCMSLIB00015140753
244.02293396,YPMWBANGSOGRGL,0.7053,C15H17NO2,IS-LIBRARY-ALL-PARTITION-2:accession:CCMSLIB00015171140
244.02293396,JVHGAPIUBJHOAV,0.7053,C15H17NO2,IS-LIBRARY-ALL-PARTITION-2:accession:CCMSLIB00015171156
244.02293396,LMHNQVYRNLFCKD,0.7053,C15H17NO2,IS-LIBRARY-ALL-PARTITION-2:accession:CCMSLIB00015171145
244.02293396,AJFNYLAZZVRRDL,0.6905,C15H17NO2,IS-LIBRARY-ALL-PARTITION-5:accession:CCMSLIB00015309321
244.02293396,UPCSRNWTUKMAKR,0.5948,C15H18N2O,IS-LIBRARY-ALL-PARTITION-4:accession:CCMSLIB00015060314
313.11963202,AFUFYTAYFCQENI,0.9237,C14H15F3N4O,zspec:GNPS:MSNLIB-POSITIVE:accession:CCMSLIB00012766531
313.11963202,HVEFOAIIKVXXLG,0.9179,C15H18F2N2O3,zspec:GNPS:MSNLIB-POSITIVE:accession:CCMSLIB00012832018
313.11963202,YAQKGZXXQNKEET,0.8941,C18H17ClN2O,S:REFRAME-POSITIVE-LIBRARY:accession:CCMSLIB00016150406
313.11963202,HESZUPIXRNZIOI,0.858,C17H17ClN4,S:REFRAME-POSITIVE-LIBRARY:accession:CCMSLIB00016148847
313.11963202,NIBVWJYNTPPMRS,0.8232,C12H19F3N2O4,zspec:GNPS:MSNLIB-POSITIVE:accession:CCMSLIB00012848100
280.90861578,NJYNDGBRTMMXHL,0.1388,C14H19NO3S,zspec:GNPS:MSNLIB-POSITIVE:accession:CCMSLIB00012808902
280.90861578,GTZCKTIZOGTWQO,0.0339,C10H15O5PS,mzspec:GNPS:WFSR-LIBRARY:accession:CCMSLIB00013939051
280.90861578,WRLZUQKRFZQYDV,0.014,C14H15FN2O3,zspec:GNPS:MSNLIB-POSITIVE:accession:CCMSLIB00012795750
280.90861578,AOXWRPLONDZJHA,0.0106,C16H17N5,zspec:GNPS:MSNLIB-POSITIVE:accession:CCMSLIB00012829417
280.90861578,JTBLHXSTTJUWET,0.0105,C15H21NO4,IS-LIBRARY-ALL-PARTITION-5:accession:CCMSLIB00015305146
190.01815796,CLYOMCMDBNNGSM,0.2892,C5H4BrFN2,IS-LIBRARY-ALL-PARTITION-4:accession:CCMSLIB00015089269
190.01815796,VOVAQGOCBYJSHC,0.2369,C9H7N3O2,zspec:GNPS:MSNLIB-POSITIVE:accession:CCMSLIB00012882170
190.01815796,IPVVKDUGAUPXMW,0.1668,C8H15NO4,YDROXY-ACYL-AMIDES-LIBRARY:accession:CCMSLIB00013641072
190.01815796,HHWABXGAQNCVFW,0.1014,C9H7N3O2,zspec:GNPS:MSNLIB-POSITIVE:accession:CCMSLIB00013001707
190.01815796,QWFKXYLAKWFQLF,0.0895,C9H7N3O2,zspec:GNPS:MSNLIB-POSITIVE:accession:CCMSLIB00012888445
181.96627045,VPOLBKKAXMBJMI,0.2301,C9H9FN2O,IS-LIBRARY-ALL-PARTITION-4:accession:CCMSLIB00015043993
181.96627045,CVBAZRKELSYLDE,0.0133,C9H11NO3,IS-LIBRARY-ALL-PARTITION-1:accession:CCMSLIB00015172523
181.96627045,NPMXBIGZSRIGFC,0.0124,C9H11NO3,IS-LIBRARY-ALL-PARTITION-2:accession:CCMSLIB00015009390
181.96627045,MNYZGNSHBPLAFN,0.0117,C8H8N2O3,zspec:GNPS:MSNLIB-POSITIVE:accession:CCMSLIB00012868615
181.96627045,QYORNABIQXMJPL,0.0033,C8H5FN2O2,zspec:GNPS:MSNLIB-POSITIVE:accession:CCMSLIB00012921686
