database_identifier	chemical_formula	smiles	inchi	metabolite_identification	mass_to_charge	fragmentation	modifications	charge	retention_time	taxid	species	database	database_version	reliability	uri	search_engine	search_engine_score	smallmolecule_abundance_sub	smallmolecule_abundance_stdev_sub	smallmolecule_abundance_std_error_sub	P01-Ltu	P01-LN	P02-Ltu	P02-LN	P03-Ltu	P03-LN	P04-Ltu	P04-LN	P05-Ltu	P05-LN	P06-Ltu	P06-LN	P07-Ltu	P07-LN	P08-Ltu	P08-LN	P09-Ltu	P09-LN	P10-Ltu	P10-LN	P11-Rtu	P11-RN	P12-Rtu	P12-RN	P13-Rtu	P13-RN	P14-Rtu	P14-RN	P15-Rtu	P15-RN	P16-Rtu	P16-RN	P17-Rtu	P17-RN	P18-Rtu	P18-RN	P19-Rtu	P19-RN	P20-Rtu	P20-RN	P21-Rmu	P21-RN	P22-Rmu	P22-RN	P23-Rmu	P23-RN	P24-Rmu	P24-RN	P25-Rmu	P25-RN	P26-Rmu	P26-RN	P27-Rmu	P27-RN	P28-Rmu	P28-RN	P29-Rmu	P29-RN	P30-Rmu	P30-RN
HMDB0000008				2-Hydroxybutyric acid	103.04013				1.995												0.584424354	0.491740421	0.373204487	0.275710575	0.199751063	0.18283301	0.417808769	0.153138668	0.205715238	0.163364696	0.179886922	0.122271643	0.153512736	0.236027941	0.259614904	0.272197706	0.252220598	0.290799418	0.119671164	0.128263939	0.209438896	0.181342764	0.257638674	0.178862481	0.367491277	0.269190366	0.154018489	0.103853868	0.24361358	0.124366325	0.098890086	0.08765579	0.360588498	0.348084866	0.140899715	0.136831418	0.220445213	0.254688239	0.194496627	0.217528985	0.164405144	0.161045703	0.101341046	0.114143231	0.522471473	0.14914299	0.162957882	0.133839858	0.388418934	0.326666076	0.229978401	0.120760456	0.481075689	0.285617827	0.148275901	0.114580738	0.526118673	0.212056048	0.778384297	0.157026469
HMDB0000208				2-Oxoglutaric acid	145.01431				7.841												0.963437993	1.834543002	0.722610274	0.411936549	1.889998789	1.127390017	1.910148779	1.425866953	1.865999471	1.087780415	1.706512953	1.204393036	1.982925203	5.138031647	1.66749304	1.497716414	2.666112079	2.172188364	1.137106688	2.153639348	2.065951234	0.883253266	1.040356295	1.199880201	0.789943555	0.868603482	0.950798738	0.467359173	0.610523535	0.247470237	0.789256982	1.031519505	4.329963114	1.914091519	1.017199163	0.580846799	0.906840758	1.234751463	1.118073186	1.70175171	1.361953442	0.548683863	0.655920489	0.994690505	0.771252627	0.143089881	0.488119641	1.669967374	1.006213355	0.328839999	1.054029135	0.255647118	1.136336847	0.628698044	0.433486445	0.588978989	0.789316856	0.522764536	0.2850364	0.432255603
HMDB0000362				2-Phosphoglyceric acid	184.98558				9.262												0.010618851	0.008669636	0.005013488	0.003082627	0.007689826	0.010369044	0.004224675	0.015331338	0.011958376	0.009186434	0.003142288	0.024633839	0.019634646	0.072840788	0.012769632	0.019302655	0.036450103	0.005407146	0.015020607	0.028348001	0.012987983	0.012902721	0.006582512	0.022855903	0.018635476	0.005019306	0.002016527	0.002312045	0.005750396	0.012201484	0.003329189	0.00662364	0.022296689	0.0130972	0.018939398	0.030799408	0.006023722	0.002698327	0.014124073	0.032521879	0.014092151	0.018327674	0.007223854	0.002742334	0.023556968	0.020283993	0.006452769	0.003953821	0.007156724	0.015684333	0.001162999	0.016226764	0.004118406	0.018674191	0.030638212	0.014685692	0.005927344	0.028753677	0.016740817	0.02051693
HMDB0000807				3-Phosphoglyceric acid	184.98557				9.381												0.010618851	0.028197438	0.014258496	0.009089609	0.007689826	0.037558811	0.011237595	0.04792787	0.011958376	0.035020656	0.012037734	0.024633839	0.019634646	0.217586373	0.040527586	0.055850655	0.036450103	0.033519044	0.052623226	0.028348001	0.033300015	0.030752872	0.019873712	0.022855903	0.042976155	0.015651991	0.006510599	0.002312045	0.019573786	0.045463101	0.007776763	0.00662364	0.022296689	0.0130972	0.018939398	0.030799408	0.006023722	0.00535679	0.014124073	0.032521879	0.047640371	0.055088008	0.028868336	0.005650491	0.023556968	0.054159463	0.019577052	0.013406924	0.007156724	0.044199208	0.003400385	0.016226764	0.016095268	0.018674191	0.030638212	0.014685692	0.016058644	0.028753677	0.052419075	0.068058682
HMDB0000517				Arginine	173.10422				12.073												0.100081688	0.049209971	0.13678396	0.091428465	0.184562725	0.295363801	0.099426701	0.370101108	0.112577024	0.198813499	0.17272267	0.178411804	0.373201558	0.380441229	0.338809698	0.245778751	0.29108595	0.137349543	0.523831409	0.065889912	0.26457566	0.131581318	0.367152324	0.162379923	0.25671898	0.055212944	0.151910621	0.091277661	0.341511397	0.182500949	0.07956978	0.058909863	0.469183508	0.68886544	0.354268443	0.084356088	0.090698866	0.180054961	0.181289835	0.020325128	0.481383516	0.305821795	0.343547962	0.077204325	0.13605144	0.242228839	0.175454327	0.103833058	0.083503431	0.213638129	0.118726587	0.018632317	0.154489241	0.008658209	0.151967743	0.02078353	0.607250787	0.529571361	0.226935014	0.308271853
HMDB0000191				Aspartic acid	132.03022				8.26												44.34105031	14.76279745	16.33636707	9.267582486	103.8312371	12.93025219	95.44725423	16.43171043	21.0559269	14.79885208	21.36949333	16.1295682	54.68514299	7.653553284	55.86154927	16.15960296	26.31752545	18.13180372	26.90203489	17.55461783	13.95592922	16.44930793	42.65405815	22.67482746	16.41058802	6.139675918	38.545718	9.736277298	27.60703701	7.072896277	15.45104605	11.81630509	46.97986668	64.38394818	102.4226158	13.71395873	19.11740546	42.17691564	76.56676573	35.14537425	23.46595214	18.30668679	27.12903687	15.89893722	21.32876589	3.994615375	6.348880301	15.84319997	48.38953617	10.50305664	41.559031	12.20750116	27.04312675	17.58446872	56.73887223	21.29563953	68.07719503	16.74776087	24.5939677	19.21636493
HMDB0028746				Aspartyl-Alanine	203.06724				8.491												1.27502776	0.641895703	0.273408958	0.260369229	1.041971463	0.713485269	1.016572546	1.44987555	0.691910722	0.543404889	0.710773931	0.519694103	0.86240919	0.377893601	1.161851606	0.873467183	0.489591058	0.468859471	0.652513648	0.108521497	1.335352829	0.784739007	0.598481332	0.710479759	0.418914885	0.3528639	0.471231656	0.305351335	0.339071046	0.399590079	0.387389359	0.2164985	0.544191449	1.003085735	0.881519757	0.460607834	0.610885865	0.94709127	0.324741025	0.339912818	0.119292497	0.170620923	0.427756775	0.054183362	0.238167435	0.078327818	0.0861777	0.273882994	1.161187718	0.251920468	0.818149787	0.107846315	0.40741114	0.181887546	0.639229127	0.16168145	1.186950017	0.429405383	0.386309385	0.34255539
HMDB0028766				Aspartyl-Valine	231.09819				7.542												1.955537694	0.226927852	0.26541254	0.116619883	0.693902812	0.620468462	0.991479785	1.936987517	1.229578858	0.272736173	0.492299039	0.273785415	1.703019674	1.360386898	0.600159902	1.053211735	0.741340542	0.527204956	1.567889469	0.162286845	1.581116264	0.554100131	2.272322522	0.469313322	2.04877099	0.298848983	0.398650241	0.074935433	1.146882318	0.261023315	0.091430116	0.080917246	0.337643114	0.820599629	1.791764105	0.570191121	0.554789633	1.524578093	0.981650228	0.563055166	0.673058257	0.554510989	0.517528514	0.092776072	0.473165711	0.05975553	1.094254702	0.661528574	1.221667395	1.373609583	0.58445759	0.204766374	0.652869697	0.304455865	0.419730659	0.149147126	2.079989835	0.709573093	0.820432411	0.686811782
HMDB0000072				cis-Aconitic acid	173.00896				9.347												0.02744337	0.038975234	0.014944482	0.020661026	0.035412828	0.114661465	0.031173265	0.027625863	0.037179694	0.024003279	0.028181599	0.023820728	0.065741475	0.178921835	0.075755722	0.058167841	0.061620821	0.059070864	0.028905697	0.035865965	0.181648571	0.068841941	0.021560333	0.058270418	0.028231504	0.05326784	0.020795873	0.032195741	0.011070219	0.03310202	0.039377336	0.118523088	0.047445338	0.03480759	0.043662322	0.065695379	0.033311627	0.040115146	0.044363579	0.061541165	0.054898865	0.027499698	0.01817317	0.030297436	0.02396706	0.018179041	0.080371202	0.071730055	0.025092607	0.062763509	0.021563917	0.036095951	0.034269102	0.056873124	0.044202045	0.035557245	0.032334556	0.035780311	0.024563531	0.126454705
HMDB0001176				CMP-N-acetylneuraminic acid	613.13904				8.745												0.300208373	0.027080083	0.033543403	0.007519049	0.077608456	0.098930888	0.089526024	0.025133519	0.148533485	0.048334016	0.048057937	0.028579125	0.324272013	0.074826266	0.2127509	0.031190238	0.171427565	0.171876108	0.206358798	0.096897647	0.119914537	0.120533713	0.084439541	0.051698098	0.074061486	0.039633495	0.137973047	0.007760866	0.1405043	0.013495282	0.024744285	0.033286753	0.033997089	0.041186217	0.038962514	0.057071216	0.051308307	0.380883399	0.034376668	0.336951003	0.144559282	0.063207666	0.098436523	0.132492077	0.042065193	0.003244148	0.220414701	0.130708204	0.103661685	0.08642003	0.057606741	0.123733001	0.130870537	0.167496689	0.063207216	0.086127154	0.04615929	0.019591113	0.068469646	0.040710057
HMDB0000192				Cystine	239.01626				8.779												0.820405448	0.047096991	0.05874339	0.202571628	1.324296577	0.580255216	3.102223981	2.528758644	1.106439337	0.127835432	1.464780679	0.715197981	3.765860315	0.955367566	1.726615258	0.876137797	2.050235461	2.04902892	3.857397593	1.34800652	0.70189647	0.321204132	1.247137615	1.481201746	0.903639354	0.30550254	0.037017649	0.459824672	1.299148756	0.581568248	0.009892512	0.167850095	2.650479634	1.910836956	2.045988773	0.250652839	0.081474496	0.495595791	1.359092548	1.04939087	1.943579779	1.677070869	0.009206505	0.45950319	0.690483242	0.090146357	0.394526399	0.876125998	1.282513264	1.067546893	1.816162094	0.131971263	0.954221778	0.458484138	1.617708845	0.14412341	3.843821655	0.900725738	8.441184888	1.084222158
HMDB0000095				Cytidine monophosphate	322.04408				8.653												0.101697301	0.05051397	0.054778031	0.121753532	0.148294729	0.060089038	0.320104696	0.778841835	0.123720379	0.071281307	0.098055109	0.098343637	0.694219926	0.659322503	0.479788169	1.590200491	0.290444805	1.051070689	0.902250019	0.120560798	0.086605376	0.065961836	0.098514429	0.374864199	0.230421937	0.130287033	0.043454006	0.056129436	0.425930747	0.315019715	0.08129567	0.216065141	0.068068853	0.081563835	0.221177836	0.310439713	0.094196712	0.116928318	0.155633242	0.63301774	0.134194311	0.78153448	0.392761849	0.104477168	0.079828047	0.026505237	0.056425411	1.705363014	0.19802077	0.843542939	0.148625184	0.230429699	0.229451815	0.860709817	0.348435057	0.163463409	0.090173996	0.159277743	0.71720835	2.136252635
HMDB0000071				Deoxyinosine	251.07824				2.737												0.173079827	0.017644294	0.034354978	0.010243935	0.103476824	0.011081899	0.228222767	0.054579284	0.106099742	0.007136974	0.047131672	0.016185335	0.121979286	0.014148083	0.071016961	0.022884855	0.104545859	0.050106313	0.128485029	0.067208776	0.0504504	0.003531582	0.055642223	0.068456607	0.074589322	0.013305849	0.077307155	0.008667741	0.100010319	0.003800198	0.041769999	0.01134445	0.014673387	0.045374424	0.226686314	0.035929877	0.026112627	0.066666602	0.049948123	0.673156517	0.064268739	0.038970233	0.036596412	0.028146705	0.035604498	0.025822347	0.015733969	0.015073533	0.061632078	0.011684563	0.035503794	0.122910665	0.038632214	0.437284764	0.076843746	0.066458148	0.035335223	0.013318074	0.160782537	0.032839303
HMDB0000638				Dodecanoic acid	199.17034				0.789												0.307073881	0.37368306	0.184997674	0.208685204	0.270550922	0.435212083	0.396931284	0.143135944	0.237897792	0.324637344	0.412792945	0.339946114	0.233504397	0.262862677	0.154738081	0.323205928	0.404326573	0.246289961	0.416669435	0.808160306	0.115337715	0.165815102	0.19371334	0.238566713	0.568208523	1.360042332	0.158597495	0.572487851	0.154123372	0.361638365	0.157021741	0.872762787	1.766615315	0.649272384	0.264165007	0.351801455	0.203074244	0.225805272	0.283334964	0.759467338	0.309504688	0.426075084	0.243787327	0.286714605	0.214011097	0.39238272	0.333332711	0.431520106	0.396393568	1.44977327	0.294269985	0.496921363	0.288164846	0.694017875	2.030942445	1.104749487	0.211405232	0.279486829	1.613437529	1.258789896
HMDB0005060				Eicosadienoic acid	307.26402				0.75												0.291040421	0.03568848	0.231987743	0.077809489	0.057162528	0.019619424	0.551010108	0.079820555	0.175249088	0.041377022	0.218838848	0.074943639	0.411459217	0.087572548	0.20260716	0.101645791	0.104646109	0.162858038	0.162671297	0.071378625	0.166367582	0.053940375	0.188766545	0.130287453	0.135967132	0.06243286	0.714905662	0.073057242	0.074914633	0.073714467	0.175651199	0.140776559	0.140928975	0.130667868	0.320787613	0.135065061	0.068135659	0.26705581	0.538267097	0.557942702	0.161262914	0.072001638	0.126692861	0.098076449	0.107834204	0.125919456	0.107916869	0.202582611	0.3769396	0.143087775	0.558019074	0.093842803	0.246188029	0.334897066	0.147983705	0.014662941	0.721006045	0.092315996	1.332088818	0.129630037
HMDB0000124				Fructose 6-phosphate	259.02193				9.064												0.001694352	0.003611671	0.007455907	0.015946855	0.007568998	0.043960954	0.024484782	0.060313875	0.002109152	0.022495887	0.001468066	0.010716633	0.009643369	0.03223795	0.005691181	0.027201971	0.011008987	0.009183903	0.01306368	0.005725268	0.025399362	0.023478928	0.017558153	0.013149836	0.02331608	0.005024901	0.010371007	0.012697374	0.058452125	0.006501855	0.019556179	0.042814771	0.020122335	0.01332922	0.039102917	0.013147598	0.007697912	0.007331576	0.016768142	0.004934013	0.014802584	0.039729188	0.048712116	0.031392142	0.013592975	0.017192096	0.010278341	0.008101926	0.00218133	0.011015018	0.001092877	0.002621394	0.004162903	0.004092301	0.02403893	0.002275609	0.020968622	0.009169811	0.013023409	0.051188139
HMDB0030419				gamma-Glutamylaspartic acid	261.07236				7.85												0.472668556	0.043492948	0.264329125	0.071296582	0.141243782	0.139499438	0.725957762	0.40009149	0.140150281	0.071092045	0.143653011	0.103273555	0.413134734	0.117551357	0.182288276	0.102209214	0.194607466	0.055183092	0.694070434	0.097895986	0.264534496	0.032821387	0.441457258	0.114851775	0.211856707	0.029683606	0.283304	0.031841127	0.376303414	0.005719812	0.037132527	0.031688605	0.180089608	0.261843546	0.431695989	0.058700481	0.052670512	0.167902493	0.295411762	0.349474397	0.310600512	0.074791152	0.139901526	0.055142005	0.070233946	0.005588424	0.070323326	0.032879678	0.125104145	0.16732717	0.074379865	0.123561335	0.075166278	0.180394494	0.0653435	0.086740235	0.286179041	0.05531618	0.14861148	0.033778906
HMDB0000122				Glucose	179.05597				8.531												31.43666637	124.339662	21.70782573	47.10996446	66.4314601	83.44526091	29.67834841	83.20095968	67.69735586	136.3886824	44.72976126	66.05499101	39.61813691	41.6474338	46.38493976	55.1496801	45.12747865	65.11096444	62.1898543	103.9463622	24.05670602	77.82267454	36.26058483	69.96717771	25.90019918	46.78140223	21.36147721	47.59495498	40.30055437	33.79527685	30.6054386	53.76321892	74.14053464	93.33755886	29.27234523	44.07151092	80.87627277	24.04771153	15.66263184	80.64419112	36.80185055	72.61658296	59.44666194	53.73768347	10.68053325	2.436204493	81.79086636	75.66767414	48.41631081	34.72151695	55.4847183	51.96148578	41.06652036	78.80861385	54.22718231	108.5487344	17.50105977	70.41989602	13.23988105	63.24688648
HMDB0001401				Glucose 6-phosphate	259.02198				9.558												0.008685921	0.021851678	0.019557782	0.024721103	0.016231221	0.119603853	0.009445499	0.111455415	0.006175781	0.062332954	0.015128521	0.026330841	0.021136355	0.097834755	0.017441777	0.071509368	0.030844487	0.023419561	0.026315097	0.015599888	0.056131609	0.064830017	0.012140292	0.021878563	0.068474184	0.013216807	0.020880521	0.023929991	0.069213232	0.019417899	0.052853424	0.118506247	0.08001131	0.021325727	0.042073797	0.016859283	0.013268667	0.006716492	0.015081349	0.008782245	0.030826859	0.054634321	0.092140338	0.031314895	0.023506603	0.044399484	0.016551023	0.013621426	0.007789253	0.016178002	0.003083442	0.003909853	0.022748882	0.009100171	0.04694428	0.010988281	0.016397476	0.01960308	0.019074511	0.117360053
HMDB0028819				Glutamylglycine	203.06734				8.566												1.27502776	0.641895703	0.087288127	0.260369229	1.041971463	0.242317049	1.016572546	0.456209796	0.309645233	0.27272747	0.710773931	0.519694103	0.86240919	0.074681522	0.645334898	0.873467183	0.274567504	0.468859471	0.429186767	0.108521497	0.47175598	0.287693779	0.29356188	0.710479759	0.198939898	0.3528639	0.471231656	0.305351335	0.807793114	0.215920791	0.387389359	0.2164985	0.375538971	0.565939804	0.881519757	0.460607834	0.610885865	0.94709127	0.287175904	0.298450224	0.459520529	0.324234178	0.427756775	0.048614456	0.191398647	0.078327818	0.261880188	0.273882994	1.161187718	0.340352215	0.818149787	0.107846315	0.250147599	0.154443173	0.639229127	0.07808159	0.61748027	0.193159196	0.099811663	0.195991285
HMDB0028827				Glutamylproline	243.09827				8.633												0.08992397	0.045560039	0.053456208	0.047513032	0.237143082	0.051841729	0.101874348	0.099199916	0.072191035	0.055560049	0.142247648	0.036760773	0.137392832	0.059652884	0.134186637	0.065558484	0.084612481	0.091673517	0.152064245	0.112218315	0.138690282	0.046098032	0.145649335	0.029308828	0.069074901	0.033758631	0.100175771	0.018810224	0.181536061	0.038615699	0.035180275	0.025173917	0.169679555	0.382583335	0.166647204	0.06397386	0.056353227	0.301844052	0.110755047	0.378237535	0.138040776	0.090419466	0.160468879	0.062416944	0.047832872	0.008071111	0.268910749	0.075775267	0.125404331	0.14756282	0.198875414	0.13768518	0.154054712	0.194137118	0.075111749	0.097671824	0.483085114	0.26903434	0.055503269	0.089825013
HMDB0028828				Glutamylserine	233.07755				8.777												2.387957255	0.660384935	0.439239051	0.368962807	1.816267038	0.756621948	1.913464029	1.84483363	3.32331364	0.72896592	1.709709358	0.740916565	2.018610328	1.189732409	2.005959235	1.288187115	1.548113141	1.188457993	1.890421455	0.7739491	2.30823097	1.821387785	2.014843885	2.018261096	2.29696709	1.140352493	0.600574607	0.206972959	2.783870585	0.771347444	0.236347242	0.2659017	1.615133181	2.100821121	2.754826375	1.907096723	1.661781886	2.193799122	3.388499309	1.408910421	1.983291602	2.728265986	1.14672003	0.435175106	1.746611952	0.221674263	2.972618308	1.445459386	2.906403526	2.504947454	2.487496664	0.382875895	2.123778268	2.700102569	2.11678401	1.295437657	4.749041006	2.919116662	2.490658323	3.361024775
HMDB0000125				Glutathione (reduced)	306.0761				8.132												96.91721147	86.89409186	47.48488382	32.68606893	130.2160671	81.37566569	68.79514451	59.68048847	184.4829571	100.1785888	168.0694998	63.71319282	102.4947628	50.38391293	139.425967	50.06593847	96.43641142	73.61102702	57.24320151	66.34712653	79.24258727	42.44261356	64.01610829	58.89380129	67.61348854	56.21077	62.51795243	26.50714296	81.70534038	27.82996217	23.18801653	17.96751234	61.98103991	89.60377461	76.57821595	51.12306352	85.60011703	121.2188093	41.53477945	81.31726576	67.50809069	48.62844029	57.53029581	46.67354656	13.86936162	0.583733529	76.70641153	47.07618156	69.19579666	26.60975002	78.38331183	34.88850776	81.97738569	84.26308827	46.58049007	78.59937609	39.896089	39.98902999	4.712407358	37.92588278
HMDB0000139				Glyceric acid	105.01932				4.881												0.006471738	0.235323665	0.00714451	0.012771219	0.00314968	0.060685303	0.003871296	0.02299828	0.002712966	0.110838908	0.004146741	0.059999847	0.003348666	0.057468566	0.007126269	0.010956312	0.010046983	0.010445568	0.009699264	0.022807842	0.019391264	0.045782386	0.028336848	0.014082238	0.013472609	0.009436743	0.002945583	0.015117478	0.003107283	0.013329847	0.006801245	0.009526641	0.038535665	0.044240352	0.00254158	0.01408621	1.136055797	0.001632995	0.011376053	0.008284612	0.014679583	0.01207966	0.005217275	0.011853197	0.007315312	0.034106735	0.028356696	0.020255832	0.00365479	0.013987976	0.005179741	0.017678404	0.003725053	0.005786773	0.008942804	0.031756389	0.00643937	0.01894219	0.011709823	0.008104551
HMDB0240316				Glycerophosphoglycerol	245.04266				6.68												6.569371243	1.207560714	8.124744985	2.329710053	5.103561978	1.870654107	5.655695359	4.213541786	5.906579724	1.179253404	6.974570286	1.003999946	12.15085154	2.346783607	3.322373035	2.562973623	3.615251844	2.519541325	6.081602479	2.657343455	1.934517238	1.289926967	2.25522092	3.022934772	2.871298896	1.679733089	3.583440231	1.296118954	3.66918519	0.463284916	4.171476328	2.419123585	0.986036845	1.824569886	8.471350679	2.272396383	0.788763061	7.410164523	2.365342448	2.468327092	4.245084706	3.308618066	2.013669276	0.796311271	1.562721707	0.108358425	1.556265969	3.033746982	7.225009554	3.290024105	4.026941927	0.272265848	3.434587626	2.222095946	2.969932345	1.176401917	1.989655947	0.991818282	2.641905207	2.607360517
HMDB0001397				Guanosine monophosphate	362.0502				9.38												0.037214991	0.006720904	0.043938208	0.008732024	0.046437543	0.054154359	0.025979604	0.029532947	0.104640119	0.014960441	0.074514658	0.012578265	0.065463724	0.106397641	0.093315171	0.016067042	0.100716788	0.056858121	0.07964381	0.012081557	0.150600342	0.043210305	0.163691313	0.03745643	0.043100408	0.027638856	0.051020106	0.008471612	0.070187473	0.018912988	0.007441297	0.008171233	0.017944874	0.037697397	0.067385718	0.062319656	0.033373624	0.102926168	0.065147711	0.0253942	0.142112315	0.091290728	0.133096844	0.019275251	0.018199986	0.000907393	0.26739973	0.047155429	0.029927139	0.049227827	0.077890537	0.010318395	0.111055096	0.05128905	0.040696717	0.020879004	0.045622761	0.013360582	0.015970884	0.027485259
HMDB0000746				Hydroxyisocaproic acid	131.07142				1.29												0.256844105	0.026412341	0.211293652	0.065398755	0.06161894	0.048357031	0.540206213	0.037997951	0.060790344	0.033019435	0.097376845	0.074974311	0.028630647	0.018951567	0.056317781	0.043160225	0.044576071	0.053726706	0.04058907	0.091328326	0.148404409	0.044358431	0.36890838	0.0961441	0.048254437	0.044299077	0.0695143	0.041652618	0.075125957	0.019864936	0.015076844	0.020232036	0.06277074	0.08193475	0.031198883	0.045617996	0.107224539	0.162997445	0.078942663	0.212316601	0.060991603	0.051622456	0.011694586	0.040615627	0.161708294	0.053954651	0.017872085	0.023461731	0.208426816	0.125665064	0.293414428	0.08602601	0.127626159	0.149827375	0.048390582	0.059834095	0.108765665	0.061677489	0.480428968	0.06366324
HMDB0000671				Indole-3-lactic acid	204.06647				1.667												0.02866649	0.006959039	0.017447602	0.007204377	0.006877139	0.005827717	0.123037974	0.012589726	0.016148096	0.003004595	0.014354637	0.006083042	0.014501147	0.00842736	0.012499456	0.019814443	0.009655658	0.013919666	0.012291714	0.010953833	0.019047578	0.007139649	0.038085623	0.025773803	0.028852032	0.006577317	0.049292956	0.009815234	0.018746131	0.01921243	0.004253121	0.002704748	0.020629753	0.01765776	0.012914952	0.005961499	0.005727037	0.008910805	0.008154341	0.029770633	0.014609145	0.01126619	0.004469926	0.005009081	0.050969335	0.001274202	0.006608579	0.010455592	0.116338091	0.08132977	0.12475196	0.020725184	0.017243141	0.017566893	0.007810456	0.009416438	0.024224848	0.014149474	0.044589009	0.013277848
HMDB0011169				L-beta-aspartyl-L-threonine	233.07736				8.489												0.625997903	0.206485663	0.224774889	0.16027518	0.509952941	0.344095747	0.925688971	0.655142923	0.687065031	0.330004025	0.397970324	0.347890267	0.567016391	0.164093459	0.399485626	0.340546881	0.294469178	0.194984249	0.396570221	0.10727925	0.383020842	0.224915445	0.361995179	0.266014091	0.234239336	0.2546521	0.296007474	0.118419268	0.343614737	0.089438799	0.137357883	0.0928997	0.33661243	0.468460389	0.575805238	0.084733535	0.114960725	0.446253037	0.365311234	0.352123886	0.16033139	0.062700097	0.250332776	0.056129719	0.317999875	0.095581957	0.049134184	0.047268933	0.232262624	0.144997543	0.586035957	0.382875895	0.199599294	0.188537412	0.099304773	1.295437657	1.058549022	0.158173152	0.126292101	0.13043635
HMDB0000687				Leucine	130.08734				4.165												14.91390075	6.749581153	5.409104175	4.714251925	11.26678021	6.491919752	16.53782828	13.26341021	9.320806856	4.456796565	13.88975794	5.9966299	12.76842381	7.10711943	10.9806832	8.527561715	8.236198355	7.960077363	14.79692227	9.565029655	9.668075313	4.46219409	24.72558049	10.68298896	14.28395791	5.132458836	7.074910364	3.000883167	13.27338399	4.176275929	4.507041091	2.677726618	28.43511858	43.07552447	16.49003215	5.450053848	6.834729427	14.8741879	11.75742511	10.51828777	11.97140482	8.871816928	6.678293044	5.835945383	11.35385892	3.092789348	4.818530938	8.370597145	14.05300473	6.690718722	21.86713582	4.941356218	11.11839062	11.71808208	9.43374278	4.772935407	53.55729462	18.90323948	12.83764065	8.617288304
HMDB0028933				Leucylleucine	243.1705				1.278												0.044092663	0.001501452	0.000825557	0.000727094	0.028626753	0.007284001	0.042248855	0.09617034	0.023242614	0.003267605	0.045996935	0.010615735	0.061315893	0.072456615	0.039897719	0.190013837	0.025708867	0.02514788	0.041553005	0.006808582	0.074024612	0.023336772	0.038652279	0.051076799	0.068777554	0.051344784	0.010799056	0.005130804	0.043015896	0.011665212	0.007745755	0.001060567	0.001778906	0.073913563	0.090121381	0.054597381	0.014836243	0.08540349	0.005277146	0.01427358	0.031805294	0.068333617	0.021811207	0.013611672	0.028937238	0.000402939	0.030969978	0.114962008	0.13388099	0.104025368	0.0482559	0.005744572	0.091354026	0.095485079	0.009885546	0.004435751	0.196580684	0.072529451	0.119699002	0.109582223
HMDB0007851				LysoPA(0:0/18:1(9Z))	435.25083				0.925												0.271611811	0.025315168	0.191255976	0.266224881	0.471435998	0.13397854	0.740280862	0.292263851	0.26567762	0.041400772	0.468123339	0.075130614	0.360305554	0.12001929	0.176860244	0.227654378	0.286943507	0.437770091	0.180375723	0.350824929	0.083794853	0.132542014	0.204952116	0.250790245	0.093629031	0.15115832	0.472171379	0.228896007	0.184629365	0.02845128	0.401422047	0.431552133	0.108472534	0.210403601	0.360758256	0.233895583	0.059503516	0.307824928	0.209447823	0.556477711	0.177462745	0.227658391	0.23491194	0.168205931	0.093994579	0.033650114	0.106416652	0.177671909	0.484317042	0.136171749	0.444265267	0.025407287	0.212773113	0.338060014	0.125147697	0.046673674	0.179829809	0.08333324	0.146052225	0.14667512
HMDB0011129				LysoPE(0:0/18:0)	483.27182				0.798												0.022441415	0.004038112	0.046651302	0.021501406	0.021555627	0.012261572	0.023456698	0.02924154	0.010818875	0.004737444	0.034285932	0.004760542	0.053518588	0.013642805	0.008157335	0.018937551	0.022364721	0.038203232	0.018569768	0.011739297	0.027899439	0.003833801	0.033710639	0.01368565	0.016351373	0.003886364	0.097251789	0.024885954	0.027336764	0.00149048	0.054346811	0.061023006	0.011168603	0.026741282	0.054219616	0.015634511	0.007207742	0.051163928	0.033749201	0.034031063	0.034712225	0.025423501	0.045485327	0.006159757	0.005074949	0.013777477	0.009194979	0.008769831	0.037772571	0.028085505	0.043219282	0.011579981	0.009278985	0.01393189	0.008360961	0.009944814	0.037839318	0.00782182	0.064070566	0.011433269
HMDB0011130				LysoPE(18:0/0:0)	480.30852				1.297												0.005042544	0.002742603	0.177024575	0.111649621	0.038482604	0.159424721	0.052016517	0.068482705	0.005803652	0.027115869	0.016773922	0.008163703	0.152184135	0.078846909	0.070520783	0.09486083	0.137659531	0.091650437	0.131874246	0.009269968	0.187954348	0.101002525	0.247902863	0.077415862	0.118558362	0.029490806	0.339231807	0.307339134	0.122343996	0.026251694	0.414994167	0.378310815	0.105157355	0.404092655	0.239192629	0.108419736	0.054676939	0.055491616	0.48190756	0.108803497	0.182242631	0.147115306	0.352096623	0.028498937	0.00990322	0.071547291	0.162186384	0.13888202	0.057962722	0.144676136	0.10291574	0.01003389	0.057621505	0.03601554	0.011904318	0.007354002	0.384311881	0.072835211	0.354469507	0.069603962
HMDB0240602				LysoPG(18:1(9Z)/0:0)	509.28721				0.776												0.135119259	0.004826259	0.098903397	0.075336317	0.061511911	0.036295247	0.069071365	0.088282458	0.063329845	0.015275188	0.091834445	0.016397086	0.171534695	0.030829041	0.04657275	0.074203756	0.077448247	0.140405731	0.073161053	0.011595373	0.033728114	0.024723679	0.05627692	0.049683471	0.068812907	0.032761685	0.151778733	0.069422972	0.14970407	0.009496599	0.050761213	0.068964115	0.010888831	0.03868663	0.271500358	0.10493972	0.013358939	0.146240084	0.095594603	0.053036225	0.069640549	0.065739022	0.053459674	0.006987071	0.025060245	0.014386056	0.067626444	0.073424949	0.104837898	0.076292093	0.073595989	0.01207212	0.081913164	0.101503125	0.053051314	0.010524758	0.062120653	0.030025488	0.193199821	0.077300384
				LysoPI(0:0/16:0)	571.28768				1.302												0.006542418	0.00263055	0.056766329	0.020660067	0.005006514	0.007408576	0.008501616	0.009811589	0.005566536	0.000662531	0.025728076	0.002876925	0.08786702	0.014828606	0.025035391	0.006069169	0.002085229	0.005480837	0.023985625	0.008890611	0.007430271	0.001487541	0.081594642	0.006987755	0.006533642	0.002415127	0.053855477	0.008187377	0.013489979	0.00129514	0.021189798	0.015421416	0.002844494	0.003724205	0.004822219	0.024270803	0.004758995	0.037509838	0.00750128	0.022697245	0.042511937	0.002932354	0.009086296	0.004017439	0.003092275	0.004286396	0.005894841	0.002388227	0.056167803	0.012751242	0.09399425	0.009623943	0.014225105	0.014735723	0.005341134	0.007024895	0.07705602	0.004764819	0.057680966	0.014012256
HMDB0061704				LysoPI(0:0/18:0)	599.31916				1.275												0.01412951	0.002425833	0.14760734	0.023297873	0.005093496	0.000634384	0.010127928	0.008504915	0.016825949	0.006586723	0.030979559	0.002879148	0.165882675	0.007435014	0.036754225	0.002095342	0.011023003	0.007277486	0.027912787	0.008488899	0.017666885	0.001305853	0.049166514	0.017506068	0.015250954	0.005392073	0.107358166	0.014714195	0.025813676	0.004739474	0.054599705	0.035401897	0.057575193	0.030728926	0.09347608	0.022792575	0.007174178	0.12697093	0.06893547	0.02305629	0.042111336	0.024728835	0.016196307	0.003970168	0.017618627	0.017333905	0.007122094	0.012030669	0.081635097	0.031440507	0.101791495	0.009695582	0.021145564	0.015034078	0.020663688	0.007165124	0.275107441	0.014002294	0.32755204	0.042581719
				LysoPI(0:0/18:1(9Z))	597.30343				1.3												0.035454124	0.00217719	0.062066698	0.010796593	0.004143671	0.012198566	0.025715606	0.013826978	0.004607176	0.00084881	0.003987448	0.00234356	0.122123885	0.011750667	0.037219785	0.010631343	0.016104622	0.007582888	0.0826507	0.007358488	0.010875356	0.004110266	0.096636179	0.009010289	0.013086612	0.007741531	0.073593163	0.014805433	0.04463882	0.000633001	0.022951932	0.012924529	0.007358477	0.007076393	0.004588086	0.011644481	0.003935887	0.007838437	0.046662352	0.018785509	0.033161699	0.008663438	0.006865637	0.003325057	0.008147544	0.003686113	0.006955734	0.009612606	0.006183108	0.007748363	0.035612768	0.007965313	0.027708338	0.012196865	0.004420621	0.005814196	0.05426982	0.004101132	0.047766334	0.002154204
				LysoPI(0:0/20:4(5Z,8Z,11Z,14Z))	619.28764				1.299												0.027424278	0.001991356	0.064236076	0.010976791	0.003789988	0.008666891	0.033696696	0.045660236	0.01203977	0.006433988	0.04645812	0.00876064	0.059292795	0.015744616	0.038365022	0.024185329	0.012088637	0.012723684	0.078751544	0.006730292	0.023104696	0.005365073	0.045201649	0.019798937	0.026277341	0.001828278	0.071559787	0.00974886	0.025764363	0.005243455	0.028528951	0.008897312	0.015731631	0.019102077	0.112298386	0.019826578	0.00340895	0.004103653	0.034367356	0.017182071	0.056410303	0.037444891	0.016969568	0.003041247	0.020538776	0.001619605	0.020687132	0.020415591	0.005654552	0.016019925	0.028140558	0.007285433	0.020935843	0.011124209	0.021131938	0.005317925	0.025954539	0.012963563	0.086068142	0.039695378
HMDB0061693				LysoPI(18:1(9Z)/0:0)	597.30351				0.948												0.011343046	0.002424786	0.024466712	0.008014704	0.005133089	0.008353637	0.014014636	0.008344722	0.008213968	0.001195104	0.007189828	0.00269791	0.059542988	0.006094331	0.009072288	0.003510212	0.009549559	0.021182099	0.048996061	0.007759577	0.004166283	0.000991087	0.041793119	0.002415031	0.006058316	0.002366996	0.029924	0.006526492	0.018844804	0.000798879	0.004487955	0.004351169	0.002854606	0.003832025	0.034545981	0.004929932	0.004498237	0.020468772	0.006522481	0.02115455	0.012347417	0.002989085	0.003006261	0.004141797	0.002836301	0.002480136	0.004434906	0.002660741	0.010492573	0.002772366	0.020407349	0.008634963	0.0038489	0.014025	0.005076078	0.006599277	0.022452466	0.001489148	0.014609139	0.002484829
HMDB0240597				LysoPI(18:2(9Z,12Z)/0:0)	595.28847				0.971												0.01939093	0.00208274	0.01577256	0.005782308	0.004450007	0.008412062	0.020762725	0.016852318	0.006918706	0.000656604	0.009180261	0.002236215	0.019055603	0.008630401	0.005724678	0.00589316	0.012663563	0.014123974	0.053612953	0.006437923	0.006260476	0.00202344	0.025275198	0.002099721	0.003427512	0.002185876	0.012110942	0.004706742	0.014446115	0.000690813	0.001515057	0.001842702	0.002377643	0.003308263	0.026787965	0.007803652	0.003761956	0.004472265	0.002747889	0.017694974	0.006279783	0.002551615	0.003893244	0.003615838	0.002514443	0.000551579	0.008227971	0.008635176	0.031347601	0.00328526	0.04334602	0.007224866	0.00702882	0.012067468	0.00437984	0.005445285	0.024585571	0.000841744	0.017562526	0.003527019
HMDB0061690				LysoPI(20:4(5Z,8Z,11Z,14Z)/0:0)	619.28758				0.938												0.013658162	0.002212154	0.037243479	0.009802559	0.004758246	0.007432529	0.033746309	0.043676327	0.030100075	0.005165696	0.036345531	0.002500415	0.039927089	0.009551247	0.013417261	0.009783261	0.014897408	0.023268473	0.054579042	0.007185795	0.014347466	0.002570429	0.024388265	0.007793469	0.014999288	0.002212601	0.040239561	0.00601113	0.015546664	0.003886616	0.014136472	0.005407645	0.010876105	0.01185363	0.059111922	0.00868783	0.004165615	0.010033084	0.020295183	0.019590277	0.030654332	0.017507432	0.008519544	0.003836053	0.012913996	0.001223712	0.013348212	0.011935821	0.077321942	0.008690528	0.039297718	0.007996451	0.018366623	0.012987922	0.021043067	0.006111293	0.016102856	0.005999995	0.038572927	0.026723544
HMDB0001078				Mannose 6-phosphate	259.02194				9.251												0.001694352	0.009420777	0.006415319	0.005628672	0.005582553	0.034163778	0.003690972	0.034469772	0.006175781	0.031408808	0.001213157	0.010467262	0.006059647	0.022917238	0.006102451	0.020017516	0.009918096	0.002999872	0.011179839	0.002414618	0.023214004	0.021656266	0.002571992	0.009805417	0.026508493	0.004110625	0.00474894	0.004930864	0.021871107	0.009452703	0.012631061	0.031236346	0.023501708	0.010190733	0.019310107	0.003171365	0.002526567	0.004735656	0.005537569	0.003317226	0.016811164	0.024182382	0.039240243	0.011493907	0.009376135	0.012295893	0.004795774	0.002522774	0.001339157	0.005725734	0.001092877	0.001708445	0.004162903	0.002792376	0.013955521	0.008358535	0.004075962	0.001611541	0.003808773	0.034803277
HMDB0000696				Methionine	148.04378				4.599												0.039518535	0.987981226	0.079199468	0.051101065	0.046311355	0.162166838	0.029384171	0.079357488	0.08155918	0.339447172	0.056072121	0.181405551	0.05867683	0.081912434	0.072140965	0.056804065	0.060198963	0.046781506	0.078658902	0.024924272	0.15235451	0.110351297	0.229594383	0.042356444	0.099333161	0.031463261	0.063477499	0.079782975	0.047402622	0.129738402	0.05885978	0.044482355	0.270146653	0.340305422	0.05500564	0.051853834	9.061953455	0.084646397	0.065447471	0.023747506	0.115695739	0.052777067	0.058092403	0.052748744	0.043908858	0.113196782	0.14885692	0.07272707	0.035777249	0.107685065	0.087239946	0.124020803	0.055845929	0.047921107	0.059369352	0.159130454	0.179627919	0.208576977	0.059353474	0.075832538
HMDB0011738				N2-gamma-Glutamylglutamine	274.10445				8.821												0.379359682	0.620583062	0.079361363	0.015515396	0.307525327	0.765074106	0.136361027	0.970438824	0.078701669	0.821712944	0.31050511	1.195196919	0.385541002	0.472682773	0.390233889	1.104623651	0.650785975	1.294743695	0.143566002	0.107124277	0.370895848	0.798274795	0.209732814	0.252325006	0.300005555	0.922268655	0.087411255	0.062654746	0.082767584	0.97600989	0.044782078	0.098663037	3.382983191	1.916854658	0.287022841	0.310929533	0.251578236	0.175094066	0.576405563	0.8786515	0.171063762	0.119335002	0.515284846	0.262705044	0.107971449	0.078132938	0.105453982	0.389189527	0.672222108	0.356265251	0.505910025	0.50699393	0.398860946	0.95427187	0.747294871	0.91978676	0.448829477	0.747551058	0.472631863	0.524389344
HMDB0001199				N2-Succinyl-L-ornithine	231.09795				7.75												1.955537694	0.363629091	0.090267632	0.116619883	0.693902812	0.137379	0.991479785	0.268368042	0.205351961	0.281934024	0.492299039	0.214492287	0.248963713	0.153961076	0.120029897	0.050397832	0.101369008	0.130558324	0.320915263	0.149124791	0.163691299	0.071918671	0.216974031	0.070213525	0.263000761	0.298848983	0.398650241	0.068906046	0.329192609	0.083023441	0.03921189	0.024358925	0.253372913	0.820599629	1.791764105	0.055009168	0.554789633	1.524578093	0.145872203	0.73422152	0.081778646	0.037032245	0.057936404	0.08382896	0.094556711	0.012392795	0.082756554	0.661528574	1.221667395	0.069897802	0.58445759	0.126863035	0.652869697	0.284853313	0.419730659	0.182350363	2.079989835	0.054943853	0.054872811	0.046271455
HMDB0001138				N-Acetyl-L-glutamic acid	188.05639				7.836												3.333833887	2.901602903	1.669989702	0.809986124	2.819326169	1.650739876	3.108602883	1.267733128	1.380854479	2.561242003	1.129581125	1.970275052	2.067163861	0.82664737	2.31667691	0.850679943	2.054589199	1.065868421	2.28374836	1.206726264	1.561363031	0.802864511	6.573714501	1.12464171	1.676925087	0.405123892	2.550337953	0.859227957	0.982256993	0.500234853	0.754700118	0.577179177	1.940098859	4.180094114	2.113727738	1.183620859	2.506016982	1.62202969	5.150012061	4.50150838	1.967707098	0.871624066	1.970520435	1.501045618	0.929943325	0.423296485	0.803159826	0.654441493	1.504160364	0.958639933	1.579416795	0.120740984	1.235200689	1.394705668	0.922376541	1.103304115	1.648949493	1.001188767	1.05911561	0.703414152
HMDB0011745				N-Acetyl-L-methionine	190.05433				1.569												0.201955552	0.035931549	0.104633439	0.059248148	0.184675374	0.077314382	0.473278272	0.329269192	0.082716036	0.079823903	0.171241228	0.128366408	0.220001587	0.0970184	0.200197169	0.152261364	0.157968607	0.14719089	0.180332146	0.114167482	0.127769377	0.039421577	0.196476205	0.211094275	0.201383584	0.038411888	0.121181858	0.043722831	0.133319109	0.057691126	0.071836486	0.052401251	0.390139602	0.485409643	0.510138138	0.112226325	0.06870164	0.231389323	0.223313905	0.158303782	0.192866144	0.133353428	0.142082291	0.028853197	0.129504454	0.024557701	0.041927438	0.209346029	0.308441402	0.171572619	0.355175054	0.04222764	0.14618059	0.127039918	0.148655396	0.040651722	0.619499914	0.176897557	0.296459171	0.24187553
HMDB0000230				N-Acetylneuraminic acid	308.09838				7.185												3.413304599	0.431315441	9.525624045	13.3299996	22.66472819	15.50839769	9.95213848	21.60636275	4.848542531	1.005156767	7.527694502	1.635334887	12.84315045	17.70169135	7.680587351	9.311533663	22.17451566	22.90650836	9.928051905	7.243567594	6.051198849	13.31346032	9.957952199	7.691760591	6.390777342	3.617679597	5.175556912	4.311492277	2.878914362	0.927344627	3.878181678	4.11008601	2.207259802	3.365476007	4.145357812	8.999762369	1.139615414	7.411659131	4.954308094	6.046989768	9.644342351	5.001238851	6.76028316	2.679301293	7.949217317	1.368231082	9.942839189	2.119877236	8.618336947	5.54976029	15.67745133	2.006793891	23.52680696	3.880120023	7.709801271	1.28637117	30.05755643	1.626642708	16.3541975	3.006374738
HMDB0001015				N-Formyl-L-methionine	176.03864				1.656												0.02633173	0.02294643	0.035153271	0.015637831	0.031023658	0.032106277	0.033955593	0.035631692	0.023299977	0.033983206	0.030055625	0.022057582	0.053796866	0.030329251	0.029380929	0.022400211	0.037154025	0.028577122	0.071490297	0.031775957	0.071873123	0.02787869	0.062837673	0.035561055	0.040612695	0.019138882	0.051301468	0.013777266	0.099632286	0.020422306	0.030498755	0.018352896	0.027293411	0.041936181	0.072426463	0.019954967	0.011940851	0.132915459	0.020211001	0.034124513	0.033278052	0.029954133	0.032179039	0.009104254	0.011394857	0.002460541	0.037245439	0.026869641	0.028956582	0.021798045	0.060861122	0.014791495	0.02425006	0.017225378	0.013261241	0.01722043	0.032612115	0.024266631	0.047082739	0.028979288
HMDB0001406				Niacinamide	121.04072				1.301												0.194245809	0.004023869	0.050724232	0.07472465	0.236522909	0.075415213	0.189178779	0.160175433	0.221153702	0.038693808	0.182205107	0.056056496	0.240030253	0.094065349	0.272370652	0.142819737	0.183817754	0.187324003	0.40493296	0.103865918	0.372453586	0.076504493	0.128064108	0.148127719	0.243799642	0.067384516	0.114575702	0.053769733	0.12510884	0.043227114	0.102716568	0.067398815	0.093307683	0.113896385	0.171081793	0.110507301	0.02141433	0.161358344	0.123448557	0.110515996	0.182011075	0.181738125	0.228471747	0.060775478	0.03093368	0.006098482	0.230319664	0.197601598	0.177801766	0.101514234	0.068443041	0.018564691	0.108876921	0.208951904	0.157405655	0.04024111	0.067565531	0.068971822	0.113047997	0.18177348
HMDB0013286				N-Undecanoylglycine	242.176				1.295												0.105172907	0.09604158	0.079221411	0.083142118	0.096727097	0.077181703	0.087490146	0.055306986	0.050753413	0.081769621	0.102617355	0.099895593	0.084746635	0.101846698	0.122160866	0.122153751	0.081916339	0.055900744	0.084257923	0.09216496	0.076695188	0.081462307	0.081568125	0.092417414	0.113512302	0.092806823	0.105391532	0.125236647	0.112250606	0.105163669	0.105118025	0.087964327	0.125029451	0.100078468	0.110507004	0.045663701	0.102744052	0.057907615	0.092733026	0.213147452	0.10924414	0.124160692	0.083920878	0.097778649	0.078251614	0.086045265	0.08371303	0.083304835	0.073438688	0.092211899	0.105648018	0.102260292	0.084692549	0.12110145	0.047355309	0.078773928	0.083522514	0.07037852	0.095432444	0.090434239
HMDB0000226				Orotic acid	155.00976				2.498												0.505347347	0.024561943	0.183726555	0.065905901	0.204032367	0.032746727	0.723809714	0.069144695	0.277862876	0.024643863	0.088326314	0.07236238	0.092969564	0.018032132	0.08107921	0.033445063	0.086190412	0.053362635	0.121360295	0.088145926	0.138988847	0.021596889	0.530225853	0.043260522	0.191831831	0.008938124	0.319773406	0.03041241	0.265181948	0.011225213	0.077687404	0.048677784	0.036038376	0.105963966	0.27966874	0.119287688	0.060582767	0.843612825	0.294236479	0.809045997	0.208416333	0.047387759	0.120894516	0.034050115	0.138566262	0.051229877	0.064815272	0.069531215	0.499055295	0.050613661	0.367336459	0.138713366	0.145180496	0.440406122	0.199099572	0.060141618	0.219991212	0.060938977	0.245343083	0.149847583
HMDB0000210				Pantothenic acid	218.10295				3.305												1.745435944	1.539742424	2.678736075	1.072455725	1.304604156	1.342995846	3.677386948	1.757379799	2.954584539	1.746010997	2.227652898	1.937282832	1.904309776	0.348185055	2.591573098	1.112668645	1.136053294	1.228202958	7.345526209	2.352335382	3.734835278	1.165632257	3.005700823	3.161791857	4.708511587	1.652478684	5.762515842	1.205653828	5.257101421	0.616601081	1.354160255	3.240936539	1.073011061	2.055373039	2.731303248	1.853331453	2.966126802	7.839057385	0.729230291	4.028075869	2.314175827	2.259172173	2.653940255	0.998404729	1.185799126	0.104099128	0.634565976	2.110469117	6.495864561	1.25964565	4.711939927	0.656295624	1.758073268	16.44636815	0.945026287	1.346980296	1.983852628	1.7952491	1.266122579	1.31089428
HMDB0001429				Phosphate	96.96982				4.283												2.560757839	1.566855068	0.447511033	0.393425901	2.56852932	0.6577074	3.749035286	1.246835836	1.981293949	0.71445483	1.889720068	1.25843586	1.012553085	0.782572926	0.632793521	0.939162948	0.870299622	2.079443143	0.526269598	2.85766214	0.538258463	0.751421295	0.405096421	1.314080932	0.651076239	1.082236326	0.666952174	0.413879889	0.375636085	0.530837006	0.574198339	0.705848914	1.114902456	1.189582468	1.08248531	1.416459327	1.222722869	1.429137708	1.004212816	6.419550589	0.529577671	0.70710222	0.507866027	1.808387676	1.174604068	0.293902836	0.378046401	0.93335353	1.91232361	0.720905196	1.229817934	2.1434525	0.661441429	3.612895961	1.130219351	1.73358377	0.842376806	0.612902839	0.673403916	0.796563306
HMDB0000162				Proline	114.05597				6.455												20.01607878	3.864971297	8.618713159	3.565217165	13.17557632	7.253338994	23.99230248	16.48898763	17.9803915	4.521159159	19.38921581	5.451541707	20.38459815	8.875074373	19.1514721	8.305959654	15.06359994	10.05188219	35.94804258	14.89965574	13.23633939	5.188845829	29.6277594	12.76856122	26.93321161	5.198636137	12.58472492	3.803157445	38.79093078	5.677916824	10.11192655	5.341717667	23.23433167	31.40642215	24.66607137	6.969921323	3.860278785	14.92155651	17.09194829	10.76351242	21.91898401	11.00678517	7.716428205	4.145652115	10.85238612	2.072735161	26.7517136	14.40901102	20.44315239	8.93898982	28.52699607	5.457844753	16.55371157	8.896534691	18.74552996	4.600972371	33.50818965	12.64867389	15.43181844	7.912488882
HMDB0000767				Pseudouridine	243.06189				4.313												0.328845146	0.161024245	0.250795517	0.154911799	0.234275933	0.158564605	0.663299675	0.205524221	0.179583824	0.162668192	0.221709653	0.139691441	0.396777866	0.522473049	0.672030687	0.355036881	0.293466775	0.288955311	0.569052448	0.552189302	0.240472411	0.200180712	0.455061022	0.431274906	0.489865405	0.246758131	0.31256429	0.139623153	0.555409802	0.360662968	0.151691807	0.100411608	0.20675561	0.227653411	0.354521312	0.168375061	0.037764404	0.219380561	0.247117944	0.264249797	0.301505703	0.239995788	0.208323779	0.229830851	0.357746994	0.074700788	0.195927165	0.201935433	0.482965945	0.192002033	0.804056491	0.156661623	0.2070009	0.235938232	0.256933619	0.205451904	0.244568247	0.15567687	0.402251762	0.171906454
HMDB0001548				Ribose 5-phosphate	229.01146				8.914												0.007529279	0.0058352	0.007817965	0.02215125	0.005038047	0.013782948	0.001118601	0.017361581	0.002153579	0.014168654	0.001753246	0.003689111	0.00585359	0.019013799	0.002917278	0.017986318	0.006642588	0.010007237	0.004946214	0.001106667	0.009823181	0.008672934	0.002078592	0.00168977	0.012574105	0.002489899	0.009956531	0.017632376	0.012302667	0.00844188	0.022360766	0.032674001	0.002885468	0.001056805	0.001470353	0.001508864	0.001573859	0.001573753	0.001999054	0.003417733	0.003544167	0.012261385	0.053533901	0.015653811	0.00329165	0.016300831	0.004276549	0.006729277	0.001162883	0.003578128	0.000909319	0.001745075	0.001007835	0.002612437	0.005966502	0.002141029	0.001388679	0.013713567	0.002939653	0.053384691
HMDB0000939				S-Adenosylhomocysteine	383.11378				7.038												3.933422085	0.194120429	0.534326414	0.56467068	2.542113424	0.56787058	3.62848367	0.984441864	0.748985462	0.292309551	0.669051147	0.216789406	1.717098549	0.456888127	1.849027083	0.66669155	0.837831019	0.94667272	1.196406671	0.227994938	0.759336283	0.359688357	1.829374161	0.980641975	1.386139666	0.742701906	0.511101655	0.168958843	2.28293831	0.412645284	0.364247332	0.07751467	0.280592863	0.390931356	2.722355778	0.596428016	0.12037293	1.920786176	1.56875561	1.080474527	0.713578929	0.636824134	1.010095707	0.076773667	0.874604705	0.031447419	0.682463849	1.135486105	2.361097866	1.049795291	1.699003012	0.174266556	2.714787271	1.4881123	2.109644506	0.227420746	1.293957363	0.527055831	1.034395735	1.260778452
HMDB0029418				S-Cysteinosuccinic acid	236.02314				9.467												0.00328742	0.0015455	0.002718322	0.001228768	0.003693346	0.010105616	0.004022246	0.002444871	0.00765391	0.00119071	0.009212304	0.000848325	0.006967083	0.003980288	0.013536064	0.003617287	0.009150639	0.001447784	0.012927152	0.001076663	0.021378005	0.003069924	0.020327344	0.006243012	0.006499457	0.001895466	0.002774768	0.001098062	0.013723743	0.003423334	0.002747059	0.001033651	0.006301524	0.012244979	0.011421445	0.001545153	0.00150127	0.001470032	0.00516736	0.003187798	0.022976825	0.009144428	0.003020472	0.001154407	0.003929109	0.000930695	0.010332559	0.0034406	0.002132769	0.005937851	0.008742953	0.001659751	0.010043399	0.002623291	0.005799473	0.00201675	0.024395349	0.009525544	0.02159747	0.006123223
HMDB0001068				Sedoheptulose 7-phosphate	289.03264				9.218												0.004353859	0.002489799	0.0048527	0.003762938	0.001173041	0.025054674	0.00130501	0.019488227	0.001563449	0.024711835	0.005776697	0.011645697	0.004780478	0.011983114	0.006104507	0.009932492	0.009060647	0.006331817	0.009769817	0.001249049	0.035744652	0.015998085	0.003227754	0.005624161	0.015340492	0.000712822	0.004583731	0.001967382	0.017844196	0.017199445	0.009810915	0.00899625	0.011296603	0.01012204	0.016361893	0.00496098	0.001795573	0.00858249	0.022143604	0.003767439	0.013722858	0.017273837	0.045015528	0.004182703	0.007797631	0.035519105	0.013258664	0.013568597	0.001801573	0.011434604	0.005098879	0.001910308	0.006883348	0.006356118	0.020640698	0.011080858	0.005553272	0.023537564	0.00889697	0.045960701
HMDB0000187				Serine	104.03538				7.893												1.923452999	1.02756334	1.11068776	0.864073515	3.149364703	1.249538909	2.775168932	2.721214279	2.85624772	1.500232138	3.212806204	1.415322095	3.041979143	1.568549665	2.448091578	1.968843763	1.903113484	1.902127237	2.789946314	2.708739429	1.290697891	0.89926386	3.591028137	3.104965908	1.639147835	1.200024558	2.195677828	0.910532259	2.047748597	0.716061934	0.911216484	1.021620698	2.68074952	4.686811485	3.374963862	1.827636695	1.214156133	2.01904309	1.561686256	2.523102764	2.713667862	2.035552762	1.318964976	1.29433754	1.763690523	0.367529663	1.064600159	2.953524145	3.862332576	1.661405549	4.625557417	1.278116401	1.267174013	1.504790451	1.576724406	1.039601454	5.50795319	1.847170203	2.283610896	2.66548963
HMDB0000254				Succinic acid	117.01927				8.202												40.02425235	3.208452259	23.71622876	13.51059344	14.77614831	9.000986125	35.35763482	6.778559533	13.04536813	3.235434645	11.35564504	4.704656016	5.544780476	7.613080069	10.53616425	6.571535048	11.51046749	8.240030529	4.715964352	8.859931225	12.05362493	7.15449219	30.92331541	20.44760321	4.774402236	6.501936447	50.77550389	6.832876594	10.14559508	3.755623276	5.5790578	6.470730245	6.448589948	12.33892357	9.016629279	7.526358675	13.91284104	21.44859744	11.62870271	20.75682455	6.65307115	9.934041422	10.14679153	6.969061194	22.64112331	2.764813816	5.205977583	5.910939998	55.54975506	28.32009667	44.03389544	10.85792841	27.94101534	19.99359543	5.101359576	5.48118448	25.67291113	16.22432524	105.86085	8.535234697
HMDB0000912				Succinyladenosine	382.09964				8.123												0.159434591	0.027958241	1.117402011	0.323455945	0.393752338	0.157500297	0.538474558	0.528494026	1.333239167	0.016080097	1.740699726	0.030122705	0.76773742	0.357105969	1.146484855	0.314841878	0.878936181	0.303518143	0.533688816	0.09849989	0.25887972	0.06403138	0.679930811	0.155282856	0.232432926	0.062484372	1.363125855	0.228349715	0.876594751	0.030529176	0.435503152	0.354234164	0.143250266	0.36891082	1.147753476	0.182249626	0.053029446	0.817629228	0.457954282	0.341595659	0.817805314	0.480474542	0.428425599	0.227784219	0.072713562	0.028617515	0.23759006	0.215096668	0.30874272	0.274015689	0.732913505	0.124364282	0.984913704	0.180477399	0.364154158	0.090757663	0.369891983	0.206420173	0.366785454	0.164287917
HMDB0000251				Taurine	124.00723				6.669												253.5170271	139.7455491	101.0319108	52.87037248	500.1213927	90.20498976	326.6588976	108.7480201	372.1802294	89.5942563	375.779221	99.59262579	343.666965	58.93610878	232.515569	99.00165112	186.141067	126.5813712	210.9365647	116.4269306	160.4097835	97.69768999	72.30333385	115.2128359	198.0084507	72.71538326	263.1779373	36.03208943	221.3073913	40.98942943	129.0781174	60.59335705	221.4438098	186.0622662	400.5041458	80.9829786	217.9511579	384.2971821	276.1647921	168.1526777	154.8276913	86.16026316	100.96667	109.3482721	156.3988212	9.306941587	232.2084813	119.7493357	283.3622425	67.96642929	154.6428459	48.88377681	299.1142222	164.5933423	352.4673774	175.9594613	179.5973609	82.38923414	127.0537141	115.1713443
HMDB0000290				UDP-N-acetylglucosamine	606.07362				8.371												1.25697755	0.136184462	0.721306276	0.117626212	2.090597186	0.815271881	1.227841714	0.437966391	1.064727787	0.172111467	1.386730115	0.07285649	0.935832132	0.501882487	1.604939944	0.247645628	1.261614937	0.609355209	1.019946119	0.350805224	2.419074827	0.980949905	0.490374366	0.544200413	0.70371822	0.646224703	1.701799145	0.073484274	2.37642378	0.098146414	0.530175198	0.459703297	0.309686241	0.466658991	1.886025208	0.538432039	0.273706212	2.442792753	1.099874431	0.432908109	0.533631695	0.671639359	1.083801761	0.694817621	0.907260216	0.027940955	1.110886031	0.851402744	0.475044892	0.503107269	0.114439263	0.137306005	0.685475378	0.824357476	0.930990861	0.236229493	0.277830705	0.223134532	0.050777822	0.888277483
HMDB0000300				Uracil	111.01991				1.566												1.50699492	0.084860107	1.52532566	0.571535197	1.329861753	0.143870248	2.578392985	1.28372329	2.011308035	0.055626139	2.633912803	0.312641505	2.64633464	1.02095721	2.569593473	1.340011268	1.630764133	1.035483123	2.403463998	1.025222021	0.486227303	0.05790018	2.928838581	1.142770166	1.392000834	0.50490561	1.989923947	0.3311954	1.621476644	0.144608192	0.540361253	0.313146503	0.374017872	0.441730064	2.690239177	0.524180962	0.113322466	1.54651218	1.420620095	1.559280135	1.196247652	1.083592874	1.026445502	0.287369462	1.229240296	0.119401456	0.700948769	0.429040916	2.0989197	0.477935471	2.647605187	0.320676996	1.297110459	0.778577498	0.785902151	0.255525373	1.522271138	0.31669386	0.99837287	0.466516503
HMDB0000288				Uridine monophosphate	323.02806				8.433												3.837417452	0.872064839	2.07176594	1.149752027	12.29048442	9.558711189	3.516262879	4.7963635	6.58062661	1.420270259	5.984845305	1.549132444	4.724255172	2.258588124	3.519076361	0.877579625	5.718465192	11.76872778	6.258741953	4.777917182	8.111509626	9.149300558	4.398498781	4.647804159	2.336963794	2.635062698	4.207891315	0.532996107	7.873298264	0.853651879	1.664105426	1.975362429	1.512733018	4.668991812	6.792845823	8.193607523	3.169459982	7.224749631	7.158043904	3.968502678	2.921778635	5.898444317	4.936867123	5.362723509	1.363811499	0.021007599	10.14842647	8.366748612	2.767728653	1.045530285	4.503597719	1.977130893	7.101850399	7.889891736	6.25085878	2.689665627	3.535201211	0.450283799	0.74475611	2.083528568
HMDB0000299				Xanthosine	283.06758				5.432												0.006160215	0.039268864	0.058854743	0.020468183	0.006672374	0.01217061	0.013976	0.016095425	0.038615268	0.011714202	0.02660447	0.01291796	0.047080489	0.018147303	0.03981256	0.01235319	0.011787953	0.005230267	0.027765158	0.005400153	0.005495687	0.001440862	0.02693151	0.014421308	0.019783025	0.004905128	0.104256071	0.020723394	0.00947582	0.002422447	0.008147075	0.010064172	0.007273416	0.007832449	0.006679056	0.012029184	0.52323593	0.034753549	0.019794503	0.004922207	0.039384386	0.00655216	0.012092611	0.003481123	0.019524099	0.024514163	0.02044245	0.001152748	0.033605555	0.036914376	0.040489094	0.01521295	0.025938624	0.007165834	0.007046221	0.024261661	0.026572545	0.00895043	0.019727367	0.002383066
HMDB0000868				Xylulose 5-phosphate	229.01134				8.641												1.266227779	0.775847419	1.673276833	5.020532459	1.328527364	0.926371316	0.331403589	1.736216997	0.293971883	1.971808568	0.46762615	0.53266484	0.637656536	0.790297376	0.222003488	1.302859331	0.508391402	1.336420992	0.410852987	0.248412935	0.602599604	0.705715307	0.20293501	0.247880774	0.981404787	0.363478121	2.712657772	4.4991048	1.379851271	0.539509284	4.996431767	11.94154302	0.587482797	0.374747856	0.433353416	0.769720583	0.18332325	0.473381547	0.285903922	0.469922086	0.258235219	1.002063568	3.553272349	2.07038325	0.350227121	0.331789281	1.721569047	1.575362097	0.145303264	0.486213443	0.228754714	0.162264937	0.284906804	0.849191149	1.043576331	0.445057019	0.288377527	1.730140206	0.49470788	5.665228618
