panel,method,queries,recall@1,recall@2,recall@3,recall@5,recall@10,recall@20,mrr,mean_rank,median_rank,macro_query_auroc,macro_query_auprc_recomputed,mean_positive_vs_best_negative_margin,mean_top1_top2_gap,mean_signed_top1_top2_gap,near_queries,near_recall@1,near_recall@2,near_recall@3,near_recall@5,near_recall@10,near_recall@20,near_mrr,micro_auroc,micro_auprc,micro_molecules,gnps_10ppm_pooled_pairwise_auroc,gnps_10ppm_pooled_pairwise_auprc,gnps_mh_10ppm_pooled_pairwise_auroc,gnps_mh_10ppm_pooled_pairwise_auprc,corrected_vs_official,introduced_vs_official,risk_net_lambda2_vs_official
identity_disjoint,official_dreams,10995,0.8535698044565712,0.923237835379718,0.9501591632560255,0.9701682582992269,0.9876307412460209,0.9976352887676216,0.9051639681859982,1.4956798544793088,1.0,0.9373295459624588,0.9051639681859982,0.2992769235322822,0.3307915838228614,0.31064740025572624,7592,0.7993940990516333,0.8934404636459431,0.9299262381454162,0.9577186512118019,0.9823498419388831,0.9967070600632244,0.869480070221274,0.9319272017162811,0.6814857613545128,87518,0.9286969754803535,0.6519068163013046,0.9286969754803535,0.6519068163013046,,,
identity_disjoint,noise_v1,10995,0.8655752614824921,0.9302410186448385,0.9513415188722146,0.9717144156434743,0.9874488403819918,0.9982719417917235,0.9127409951606013,1.4648476580263756,1.0,0.9412900334099533,0.9127409951606013,0.38193305213685796,0.421009414291061,0.3954419337235486,7592,0.8144099051633298,0.9030558482613277,0.9320337197049526,0.9600895679662803,0.982086406743941,0.9974973656480506,0.8792120281851009,0.9435761261076475,0.752298112745104,87518,0.941278825418217,0.733653513333027,0.941278825418217,0.733653513333027,328.0,196.0,-64.0
identity_disjoint,cosine_greedy,10995,0.8503865393360619,0.9194179172351069,0.944156434743065,0.9670759436107321,0.9858117326057299,0.9972714870395635,0.901865286450235,1.5416098226466575,1.0,0.9336680371543365,0.901865286450235,0.5002197342122542,0.5501216836341475,0.5188608329750224,7592,0.7982086406743941,0.8904109589041096,0.922945205479452,0.9544257112750263,0.9798472075869337,0.9963119072708114,0.8671323733848916,0.9331623907822713,0.7394868847918373,87518,0.92997208480099,0.7026801418673042,0.92997208480099,0.7026801418673042,468.0,503.0,-538.0
identity_disjoint,modified_cosine,10995,0.8502955889040473,0.9193269668030923,0.943974533879036,0.9670759436107321,0.9858117326057299,0.9972714870395635,0.9017837715763244,1.5422464756707595,1.0,0.9336041736122658,0.9017837715763244,0.49993524672742623,0.5499710178715926,0.518578498384303,7592,0.7982086406743941,0.8902792413066386,0.922813487881981,0.9544257112750263,0.9798472075869337,0.9963119072708114,0.8670913945767896,0.9331208246651087,0.7394662237443719,87518,0.9299235436901161,0.7026533579568359,0.9299235436901161,0.7026533579568359,468.0,504.0,-540.0
identity_disjoint,weighted_spectral_entropy,10995,0.8736698499317872,0.930150068212824,0.9532514779445203,0.9700773078672124,0.986994088221919,0.9967257844474762,0.9166036729230361,1.4861300591177808,1.0,0.9432826982460426,0.9166036729230361,0.48249860236513553,0.5170307792153119,0.4945202537650931,7592,0.8250790305584826,0.9043730242360379,0.9353266596417281,0.95877239199157,0.9815595363540569,0.9956533192834562,0.8847049414991655,0.9420169025797123,0.7562676708356537,87518,0.9402395780799676,0.7291537368851772,0.9402395780799676,0.7291537368851772,470.0,249.0,-28.0
identity_disjoint,p2b_sqrt_cosine,10995,0.8703956343792633,0.9304229195088677,0.9524329240563892,0.9718963165075034,0.9871759890859482,0.9972714870395635,0.9151272295295281,1.47412460209186,1.0,0.9410775705622928,0.9151272295295281,0.4772086132500716,0.5115922737478245,0.4899398875518677,7592,0.820995785036881,0.9045047418335089,0.934141201264489,0.9612750263435195,0.981822971548999,0.9963119072708114,0.8828403364752173,0.9394409187577952,0.7470548667506463,87518,0.9381286688522461,0.7197588247204139,0.9381286688522461,0.7197588247204139,443.0,258.0,-73.0
identity_disjoint,p2b_unweighted_entropy,10995,0.8697589813551614,0.9307867212369259,0.9526148249204184,0.9712596634834015,0.9871759890859482,0.9971805366075489,0.9148194939669205,1.4773078672123692,1.0,0.9407889385832304,0.9148194939669205,0.4848725165058617,0.5206725594211616,0.497780708472789,7592,0.8203371970495258,0.9054267650158061,0.934404636459431,0.9603530031612223,0.981822971548999,0.9961801896733403,0.8825871317969981,0.9387459786809587,0.7480309960336174,87518,0.93711586129048,0.7188505757912615,0.93711586129048,0.7188505757912615,440.0,262.0,-84.0
identity_disjoint,neutral_loss_sqrt_cosine,10995,0.8681218735788995,0.9296043656207367,0.9542519326966803,0.9730786721236926,0.9883583447021373,0.9976352887676216,0.9142698262102852,1.455025011368804,1.0,0.9431607221481335,0.9142698262102852,0.4901035101147292,0.5260072710271072,0.5028606545210443,7592,0.8175711275026344,0.9030558482613277,0.9367755532139094,0.9624604847207587,0.9835353003161222,0.9968387776606955,0.8814242943369599,0.940963272079038,0.7437570736551288,87518,0.9396449074016232,0.716846973691844,0.9396449074016232,0.716846973691844,459.0,299.0,-139.0
identity_disjoint,p2b_official_frozen,10995,0.8697589813551614,0.930968622100955,0.954524783992724,0.9744429286039109,0.9879035925420646,0.9975443383356071,0.9154377008132815,1.4506593906321055,1.0,0.9433453999714687,0.9154377008132815,0.4590960939420305,0.4927012848835091,0.4709112126944335,7592,0.8191517386722866,0.905031612223393,0.9366438356164384,0.964041095890411,0.9828767123287672,0.9967070600632244,0.882628301346968,0.9424332073442305,0.7447099373579847,87518,0.9411529350995707,0.7171560871330013,0.9411529350995707,0.7171560871330013,443.0,265.0,-87.0
identity_disjoint,p2b_noise_v1_frozen,10995,0.8713051386994088,0.9321509777171442,0.9551614370168259,0.9743519781718963,0.9879945429740792,0.9975443383356071,0.9164583717765481,1.4465666211914507,1.0,0.9443759471200951,0.9164583717765481,0.46385251226402535,0.4979837521805634,0.4756154372952726,7592,0.821259220231823,0.9068756585879874,0.9374341412012644,0.964041095890411,0.9828767123287672,0.9965753424657534,0.8840444876269891,0.942963740041789,0.7506901530764452,87518,0.9415743306249068,0.724716536984459,0.9415743306249068,0.724716536984459,454.0,259.0,-64.0
identity_disjoint,ms2deepscore_2x_public,10995,0.7911778080945885,0.8852205547976353,0.9253296953160528,0.9570713960891314,0.9839927239654388,0.9963619827194179,0.8636505070873445,1.7138699408822191,1.0,0.907308466172011,0.8636505070873445,0.14297588996490926,0.17709357695194092,0.15623806562476292,7592,0.7240516332982087,0.8447049525816649,0.8969968387776607,0.9394099051633298,0.9773445732349842,0.9949947312961012,0.8182883428201705,0.9042741354629449,0.689015436210328,87518,0.8993651304906228,0.6544054407936787,0.8993651304906228,0.6544054407936787,328.0,1014.0,-1700.0
identity_disjoint,spec2vec_gnps_public,10995,0.86293769895407,0.9251477944520237,0.9517962710322874,0.9702592087312415,0.9866302864938609,0.9967257844474762,0.910204922829751,1.501318781264211,1.0,0.9383399232185092,0.910204922829751,0.4654080861433298,0.5019694144187596,0.47930934092778027,7592,0.8113804004214963,0.8962065331928346,0.9325605900948367,0.958377239199157,0.9810326659641728,0.9953898840885143,0.8760509560338453,0.9367309951134065,0.7300375278161028,87518,0.9336219209376441,0.7066370745398863,0.9336219209376441,0.7066370745398863,422.0,319.0,-216.0
formula_disjoint,official_dreams,5261,0.8680859152252424,0.9439270100741304,0.9707279984793765,0.9866945447633529,0.9958182854970538,0.9998099220680479,0.9202418061335217,1.2965215738452767,1.0,0.9318640612819976,0.9202418061335217,0.3397920600510709,0.3656613287208625,0.346763115906332,2944,0.779891304347826,0.904891304347826,0.9497282608695652,0.9765625,0.9925271739130435,0.9996603260869565,0.8663550560209241,0.9072151060513703,0.6801159668895236,24401,0.9032769060642536,0.6484296592478734,0.9032769060642536,0.6484296592478734,,,
formula_disjoint,noise_v1,5261,0.880631058734081,0.9522904390800228,0.9720585440030413,0.9882151682189698,0.9971488310207185,1.0,0.9283314280757717,1.259456377114617,1.0,0.938051533182662,0.9283314280757717,0.43027312404837587,0.4630446077867117,0.4383938233426074,2944,0.7995923913043478,0.9188179347826086,0.9524456521739131,0.9796195652173914,0.9949048913043478,1.0,0.8793305917643528,0.9314471773029869,0.7692462389368254,24401,0.9299017498040729,0.7504318800301774,0.9299017498040729,0.7504318800301774,156.0,90.0,-24.0
formula_disjoint,cosine_greedy,5261,0.8716973959323323,0.9477285687131723,0.969777608819616,0.9874548564911614,0.9960083634290059,0.9996198441360958,0.9226433627830699,1.2881581448393842,1.0,0.9337213604730787,0.9226433627830699,0.5547525708253014,0.5914178237300116,0.5652836561750824,2944,0.7890625,0.9140625,0.9480298913043478,0.9775815217391305,0.9928668478260869,0.9993206521739131,0.8723652847379069,0.9224964233768447,0.7781028212856937,24401,0.9181468408691253,0.7391707817867024,0.9181468408691253,0.7391707817867024,225.0,206.0,-187.0
formula_disjoint,modified_cosine,5261,0.8715073180003802,0.9477285687131723,0.9695875308876639,0.9874548564911614,0.9960083634290059,0.9996198441360958,0.9225324839894314,1.2885383007032885,1.0,0.9336421613347653,0.9225324839894314,0.5544040132203655,0.5913629233650386,0.5649359564968326,2944,0.7890625,0.9140625,0.9480298913043478,0.9775815217391305,0.9928668478260869,0.9993206521739131,0.8723652847379069,0.9224448421449452,0.7780704028322097,24401,0.918099520149243,0.739140882213995,0.918099520149243,0.739140882213995,225.0,207.0,-189.0
formula_disjoint,weighted_spectral_entropy,5261,0.882721915985554,0.9452575555977951,0.971488310207185,0.9868846226953051,0.9965785972248622,0.9996198441360958,0.9279624506603819,1.2750427675346891,1.0,0.938963508907561,0.9279624506603819,0.5248732540633964,0.553103643925703,0.5323669075310185,2944,0.8009510869565217,0.9086277173913043,0.9521059782608695,0.9765625,0.9938858695652174,0.9993206521739131,0.8778964400784427,0.9283671401931008,0.78086041803506,24401,0.9265086729730844,0.7474353467862144,0.9265086729730844,0.7474353467862144,210.0,133.0,-56.0
formula_disjoint,p2b_sqrt_cosine,5261,0.8815814483938414,0.9473484128492682,0.9709180764113287,0.9876449344231135,0.9963885192929101,0.9996198441360958,0.9277067321239181,1.2740923778749287,1.0,0.9370353960508424,0.9277067321239181,0.5229197872603663,0.5502996825165941,0.530645172888836,2944,0.7999320652173914,0.9120244565217391,0.9510869565217391,0.977921195652174,0.993546195652174,0.9993206521739131,0.8778923633505208,0.9240879139234967,0.7666931754740407,24401,0.9229223235006255,0.7352045137547447,0.9229223235006255,0.7352045137547447,198.0,127.0,-56.0
formula_disjoint,p2b_unweighted_entropy,5261,0.8815814483938414,0.9484888804409808,0.9720585440030413,0.9880250902870177,0.996198441360958,0.9996198441360958,0.9280322590437238,1.2710511309636952,1.0,0.9376696385383697,0.9280322590437238,0.5275255854937608,0.5560674254730641,0.5353890652696454,2944,0.7999320652173914,0.9144021739130435,0.9527853260869565,0.9786005434782609,0.9932065217391305,0.9993206521739131,0.8785023940768899,0.9235700657645809,0.7692876556596502,24401,0.9218272478802384,0.7357350283083544,0.9218272478802384,0.7357350283083544,199.0,128.0,-57.0
formula_disjoint,neutral_loss_sqrt_cosine,5261,0.87873027941456,0.9475384907812203,0.9726287777988976,0.9891655578787303,0.9967686751568143,0.9996198441360958,0.9267030437913,1.2674396502566052,1.0,0.9383828006345738,0.9267030437913,0.5366588664433638,0.5641943566901038,0.5444040191296975,2944,0.7961956521739131,0.9120244565217391,0.9538043478260869,0.9806385869565217,0.9942255434782609,0.9993206521739131,0.8766761934055806,0.9234859160594401,0.7615215297852321,24401,0.9218856297479816,0.7291022338569186,0.9218856297479816,0.7291022338569186,197.0,141.0,-85.0
formula_disjoint,p2b_official_frozen,5261,0.8802509028701768,0.9484888804409808,0.9730089336628017,0.9895457137426344,0.9963885192929101,0.9996198441360958,0.9276635606272374,1.2657289488690362,1.0,0.9386495221282485,0.9276635606272374,0.5014148226003925,0.5273966717763368,0.5086110183426384,2944,0.7972146739130435,0.9123641304347826,0.9538043478260869,0.9813179347826086,0.993546195652174,0.9993206521739131,0.8772604141054903,0.924644661521255,0.7591921883468746,24401,0.9231147443334169,0.7267990794890777,0.9231147443334169,0.7267990794890777,188.0,124.0,-60.0
formula_disjoint,p2b_noise_v1_frozen,5261,0.882531838053602,0.9496293480326934,0.9726287777988976,0.9901159475384907,0.9965785972248622,0.9996198441360958,0.9290015517945218,1.2605968447063296,1.0,0.940071749125211,0.9290015517945218,0.5064645869329195,0.5328689361827735,0.5137548370542091,2944,0.8006114130434783,0.915421195652174,0.9534646739130435,0.9823369565217391,0.9938858695652174,0.9993206521739131,0.879509906246936,0.9261686664573228,0.7676551856557301,24401,0.9248340542052794,0.7370106261327097,0.9248340542052794,0.7370106261327097,200.0,124.0,-48.0
formula_disjoint,ms2deepscore_2x_public,5261,0.8146740163467021,0.9171260216688842,0.9585630108344422,0.9815624406006462,0.9956282075651017,0.9996198441360958,0.8873661692492265,1.40904770956092,1.0,0.900615671937355,0.8873661692492265,0.17416954989870947,0.20264771973476667,0.1819766412983544,2944,0.7061820652173914,0.8634510869565217,0.9303668478260869,0.9677309782608695,0.9921875,0.9993206521739131,0.8198191923011094,0.8861579768081088,0.7206536005909825,24401,0.8817793515575107,0.6885721110751641,0.8817793515575107,0.6885721110751641,155.0,436.0,-717.0
formula_disjoint,spec2vec_gnps_public,5261,0.8743584869796617,0.9458277893936514,0.9709180764113287,0.9866945447633529,0.9963885192929101,0.9998099220680479,0.9236716313121758,1.2881581448393842,1.0,0.9343259945424333,0.9236716313121758,0.5082355896189745,0.5366378497947494,0.5163011788032281,2944,0.7870244565217391,0.9082880434782609,0.9497282608695652,0.9762228260869565,0.993546195652174,0.9996603260869565,0.8703645105298989,0.9199641513417575,0.7568006278878794,24401,0.9170352772552619,0.7280059723196657,0.9170352772552619,0.7280059723196657,189.0,156.0,-123.0
