panel,method_a,method_b,oracle_union,oracle_union_pp,jaccard_correct
identity_disjoint,cosine_greedy,modified_cosine,9350,85.03865393360618,0.9998930481283422
identity_disjoint,cosine_greedy,ms2deepscore_2x_public,9783,88.97680763983628,0.8449350914852295
identity_disjoint,cosine_greedy,neutral_loss_sqrt_cosine,9777,88.92223738062755,0.9325969111179299
identity_disjoint,cosine_greedy,noise_v1,9888,89.93178717598909,0.9080703883495146
identity_disjoint,cosine_greedy,official_dreams,9853,89.61346066393816,0.9014513346188978
identity_disjoint,cosine_greedy,p2b_noise_v1_frozen,9796,89.0950432014552,0.9324213964883626
identity_disjoint,cosine_greedy,p2b_official_frozen,9783,88.97680763983628,0.9332515588265359
identity_disjoint,cosine_greedy,p2b_sqrt_cosine,9730,88.49477035015917,0.9445015416238438
identity_disjoint,cosine_greedy,p2b_unweighted_entropy,9709,88.30377444292861,0.947986404367082
identity_disjoint,cosine_greedy,spec2vec_gnps_public,9843,89.5225102319236,0.9138474042466728
identity_disjoint,cosine_greedy,weighted_spectral_entropy,9783,88.97680763983628,0.9376469385669017
identity_disjoint,modified_cosine,ms2deepscore_2x_public,9782,88.96771259663483,0.8450214680024535
identity_disjoint,modified_cosine,neutral_loss_sqrt_cosine,9777,88.92223738062755,0.9324946302546794
identity_disjoint,modified_cosine,noise_v1,9888,89.93178717598909,0.9079692556634305
identity_disjoint,modified_cosine,official_dreams,9853,89.61346066393816,0.9013498426875064
identity_disjoint,modified_cosine,p2b_noise_v1_frozen,9796,89.0950432014552,0.9323193140057167
identity_disjoint,modified_cosine,p2b_official_frozen,9783,88.97680763983628,0.9331493406930389
identity_disjoint,modified_cosine,p2b_sqrt_cosine,9730,88.49477035015917,0.9443987667009249
identity_disjoint,modified_cosine,p2b_unweighted_entropy,9709,88.30377444292861,0.947883407148007
identity_disjoint,modified_cosine,spec2vec_gnps_public,9843,89.5225102319236,0.9137458092045109
identity_disjoint,modified_cosine,weighted_spectral_entropy,9783,88.97680763983628,0.9375447204334049
identity_disjoint,ms2deepscore_2x_public,neutral_loss_sqrt_cosine,9843,89.5225102319236,0.853499949202479
identity_disjoint,ms2deepscore_2x_public,noise_v1,9819,89.30422919508868,0.8551787351054079
identity_disjoint,ms2deepscore_2x_public,official_dreams,9713,88.34015461573442,0.8618346545866364
identity_disjoint,ms2deepscore_2x_public,p2b_noise_v1_frozen,9852,89.6043656207367,0.8553593179049939
identity_disjoint,ms2deepscore_2x_public,p2b_official_frozen,9843,89.5225102319236,0.8553286599613938
identity_disjoint,ms2deepscore_2x_public,p2b_sqrt_cosine,9826,89.36789449749887,0.8592509668227153
identity_disjoint,ms2deepscore_2x_public,p2b_unweighted_entropy,9824,89.34970441109596,0.8589169381107492
identity_disjoint,ms2deepscore_2x_public,spec2vec_gnps_public,9815,89.26784902228285,0.8529801324503311
identity_disjoint,ms2deepscore_2x_public,weighted_spectral_entropy,9859,89.66803092314689,0.8566791763870575
identity_disjoint,neutral_loss_sqrt_cosine,noise_v1,9880,89.85902683037745,0.9293522267206478
identity_disjoint,neutral_loss_sqrt_cosine,official_dreams,9844,89.53160527512506,0.9229987809833401
identity_disjoint,neutral_loss_sqrt_cosine,p2b_noise_v1_frozen,9600,87.31241473396999,0.9921875
identity_disjoint,neutral_loss_sqrt_cosine,p2b_official_frozen,9581,87.13960891314234,0.9943638451101138
identity_disjoint,neutral_loss_sqrt_cosine,p2b_sqrt_cosine,9660,87.8581173260573,0.9787784679089027
identity_disjoint,neutral_loss_sqrt_cosine,p2b_unweighted_entropy,9680,88.0400181900864,0.9739669421487603
identity_disjoint,neutral_loss_sqrt_cosine,spec2vec_gnps_public,9807,89.19508867667122,0.940756602426838
identity_disjoint,neutral_loss_sqrt_cosine,weighted_spectral_entropy,9769,88.84947703501591,0.9603848909816768
identity_disjoint,noise_v1,official_dreams,9713,88.34015461573442,0.9460516833110265
identity_disjoint,noise_v1,p2b_noise_v1_frozen,9865,89.72260118235562,0.9358337557019767
identity_disjoint,noise_v1,p2b_official_frozen,9873,89.79536152796726,0.9325432999088423
identity_disjoint,noise_v1,p2b_sqrt_cosine,9862,89.69531605275125,0.9354086392212533
identity_disjoint,noise_v1,p2b_unweighted_entropy,9859,89.66803092314689,0.9352875545187138
identity_disjoint,noise_v1,spec2vec_gnps_public,9867,89.74079126875853,0.9261173608999695
identity_disjoint,noise_v1,weighted_spectral_entropy,9893,89.97726239199636,0.9329829172141918
identity_disjoint,official_dreams,p2b_noise_v1_frozen,9839,89.48613005911778,0.927533285903039
identity_disjoint,official_dreams,p2b_official_frozen,9828,89.38608458390178,0.927960927960928
identity_disjoint,official_dreams,p2b_sqrt_cosine,9828,89.38608458390178,0.9286731786731787
identity_disjoint,official_dreams,p2b_unweighted_entropy,9825,89.35879945429741,0.9285496183206107
identity_disjoint,official_dreams,spec2vec_gnps_public,9807,89.19508867667122,0.9244417252982563
identity_disjoint,official_dreams,weighted_spectral_entropy,9855,89.63165075034107,0.9270421106037544
identity_disjoint,p2b_noise_v1_frozen,p2b_official_frozen,9593,87.2487494315598,0.9955175648910664
identity_disjoint,p2b_noise_v1_frozen,p2b_sqrt_cosine,9682,88.05820827648931,0.977897128692419
identity_disjoint,p2b_noise_v1_frozen,p2b_unweighted_entropy,9693,88.15825375170532,0.9749303621169917
identity_disjoint,p2b_noise_v1_frozen,spec2vec_gnps_public,9809,89.21327876307413,0.943929044754817
identity_disjoint,p2b_noise_v1_frozen,weighted_spectral_entropy,9777,88.92223738062755,0.9623606423238212
identity_disjoint,p2b_official_frozen,p2b_sqrt_cosine,9670,87.94906775807185,0.978593588417787
identity_disjoint,p2b_official_frozen,p2b_unweighted_entropy,9681,88.04911323328785,0.9756223530627002
identity_disjoint,p2b_official_frozen,spec2vec_gnps_public,9805,89.17689859026831,0.942988271290158
identity_disjoint,p2b_official_frozen,weighted_spectral_entropy,9767,88.83128694861301,0.9626292617999386
identity_disjoint,p2b_sqrt_cosine,p2b_unweighted_entropy,9603,87.33969986357435,0.9923982088930543
identity_disjoint,p2b_sqrt_cosine,spec2vec_gnps_public,9794,89.0768531150523,0.945885235858689
identity_disjoint,p2b_sqrt_cosine,weighted_spectral_entropy,9716,88.3674397453388,0.9736517085220255
identity_disjoint,p2b_unweighted_entropy,spec2vec_gnps_public,9795,89.08594815825374,0.9449719244512507
identity_disjoint,p2b_unweighted_entropy,weighted_spectral_entropy,9715,88.35834470213733,0.9731343283582089
identity_disjoint,spec2vec_gnps_public,weighted_spectral_entropy,9836,89.45884492951342,0.9412362749084994
formula_disjoint,cosine_greedy,modified_cosine,4586,87.16973959323323,0.9997819450501526
formula_disjoint,cosine_greedy,ms2deepscore_2x_public,4772,90.7051891275423,0.8591785414920369
formula_disjoint,cosine_greedy,neutral_loss_sqrt_cosine,4754,90.36304885002852,0.9371055952881784
formula_disjoint,cosine_greedy,noise_v1,4815,91.52252423493633,0.9146417445482866
formula_disjoint,cosine_greedy,official_dreams,4792,91.08534499144649,0.9100584307178631
formula_disjoint,cosine_greedy,p2b_noise_v1_frozen,4765,90.57213457517582,0.9368310598111228
formula_disjoint,cosine_greedy,p2b_official_frozen,4757,90.42007222961415,0.9375656926634434
formula_disjoint,cosine_greedy,p2b_sqrt_cosine,4732,89.9448773997339,0.9492814877430262
formula_disjoint,cosine_greedy,p2b_unweighted_entropy,4728,89.86884622695305,0.9509306260575296
formula_disjoint,cosine_greedy,spec2vec_gnps_public,4809,91.40847747576505,0.9101684341859014
formula_disjoint,cosine_greedy,weighted_spectral_entropy,4746,90.21098650446683,0.944795617361989
formula_disjoint,modified_cosine,ms2deepscore_2x_public,4771,90.68618133434708,0.8593586250262
formula_disjoint,modified_cosine,neutral_loss_sqrt_cosine,4754,90.36304885002852,0.9368952461085401
formula_disjoint,modified_cosine,noise_v1,4815,91.52252423493633,0.9144340602284527
formula_disjoint,modified_cosine,official_dreams,4792,91.08534499144649,0.9098497495826378
formula_disjoint,modified_cosine,p2b_noise_v1_frozen,4765,90.57213457517582,0.9366211962224554
formula_disjoint,modified_cosine,p2b_official_frozen,4757,90.42007222961415,0.9373554761404247
formula_disjoint,modified_cosine,p2b_sqrt_cosine,4732,89.9448773997339,0.9490701606086221
formula_disjoint,modified_cosine,p2b_unweighted_entropy,4728,89.86884622695305,0.9507191201353637
formula_disjoint,modified_cosine,spec2vec_gnps_public,4809,91.40847747576505,0.909960490746517
formula_disjoint,modified_cosine,weighted_spectral_entropy,4746,90.21098650446683,0.9445849136114622
formula_disjoint,ms2deepscore_2x_public,neutral_loss_sqrt_cosine,4773,90.7241969207375,0.8665409595642154
formula_disjoint,ms2deepscore_2x_public,noise_v1,4772,90.7051891275423,0.8690276613579212
formula_disjoint,ms2deepscore_2x_public,official_dreams,4722,89.7547994677818,0.874841168996188
formula_disjoint,ms2deepscore_2x_public,p2b_noise_v1_frozen,4780,90.85725147310397,0.8679916317991632
formula_disjoint,ms2deepscore_2x_public,p2b_official_frozen,4771,90.68618133434708,0.8690002095996646
formula_disjoint,ms2deepscore_2x_public,p2b_sqrt_cosine,4770,90.66717354115187,0.8708595387840671
formula_disjoint,ms2deepscore_2x_public,p2b_unweighted_entropy,4774,90.74320471393271,0.8692919983242564
formula_disjoint,ms2deepscore_2x_public,spec2vec_gnps_public,4768,90.62915795476145,0.8636744966442953
formula_disjoint,ms2deepscore_2x_public,weighted_spectral_entropy,4777,90.80022809351834,0.8693740841532343
formula_disjoint,neutral_loss_sqrt_cosine,noise_v1,4794,91.1233605778369,0.9307467667918231
formula_disjoint,neutral_loss_sqrt_cosine,official_dreams,4764,90.55312678198061,0.9290512174643157
formula_disjoint,neutral_loss_sqrt_cosine,p2b_noise_v1_frozen,4652,88.4242539441171,0.9918314703353397
formula_disjoint,neutral_loss_sqrt_cosine,p2b_official_frozen,4641,88.21516821896978,0.9939668174962293
formula_disjoint,neutral_loss_sqrt_cosine,p2b_sqrt_cosine,4677,88.89944877399734,0.9801154586273252
formula_disjoint,neutral_loss_sqrt_cosine,p2b_unweighted_entropy,4686,89.07051891275422,0.9763124199743918
formula_disjoint,neutral_loss_sqrt_cosine,spec2vec_gnps_public,4756,90.40106443641893,0.9392346509671994
formula_disjoint,neutral_loss_sqrt_cosine,weighted_spectral_entropy,4725,89.81182284736742,0.9612698412698413
formula_disjoint,noise_v1,official_dreams,4723,89.773807260977,0.9479144611475757
formula_disjoint,noise_v1,p2b_noise_v1_frozen,4789,91.02832161186086,0.9369388181248695
formula_disjoint,noise_v1,p2b_official_frozen,4790,91.04732940505608,0.9340292275574112
formula_disjoint,noise_v1,p2b_sqrt_cosine,4791,91.06633719825128,0.9350866207472344
formula_disjoint,noise_v1,p2b_unweighted_entropy,4790,91.04732940505608,0.9354906054279749
formula_disjoint,noise_v1,spec2vec_gnps_public,4795,91.14236837103212,0.9255474452554745
formula_disjoint,noise_v1,weighted_spectral_entropy,4805,91.33244630298422,0.9306971904266389
formula_disjoint,official_dreams,p2b_noise_v1_frozen,4767,90.61015016156624,0.9320327249842668
formula_disjoint,official_dreams,p2b_official_frozen,4755,90.38205664322372,0.934384858044164
formula_disjoint,official_dreams,p2b_sqrt_cosine,4765,90.57213457517582,0.9317943336831059
formula_disjoint,official_dreams,p2b_unweighted_entropy,4766,90.59114236837104,0.9313890054553084
formula_disjoint,official_dreams,spec2vec_gnps_public,4756,90.40106443641893,0.9274600504625736
formula_disjoint,official_dreams,weighted_spectral_entropy,4777,90.80022809351834,0.928197613564999
formula_disjoint,p2b_noise_v1_frozen,p2b_official_frozen,4650,88.38623835772667,0.9944086021505376
formula_disjoint,p2b_noise_v1_frozen,p2b_sqrt_cosine,4688,89.10853449914465,0.9797354948805461
formula_disjoint,p2b_noise_v1_frozen,p2b_unweighted_entropy,4692,89.18456567192548,0.9780477408354646
formula_disjoint,p2b_noise_v1_frozen,spec2vec_gnps_public,4758,90.43908002280935,0.9426229508196722
formula_disjoint,p2b_noise_v1_frozen,weighted_spectral_entropy,4733,89.9638851929291,0.9621804352419184
formula_disjoint,p2b_official_frozen,p2b_sqrt_cosine,4681,88.97547994677818,0.9801324503311258
formula_disjoint,p2b_official_frozen,p2b_unweighted_entropy,4686,89.07051891275422,0.9780196329492105
formula_disjoint,p2b_official_frozen,spec2vec_gnps_public,4755,90.38205664322372,0.9413249211356467
formula_disjoint,p2b_official_frozen,weighted_spectral_entropy,4723,89.773807260977,0.9637941986025831
formula_disjoint,p2b_sqrt_cosine,p2b_unweighted_entropy,4650,88.38623835772667,0.9948387096774194
formula_disjoint,p2b_sqrt_cosine,spec2vec_gnps_public,4753,90.3440410568333,0.9436145592257521
formula_disjoint,p2b_sqrt_cosine,weighted_spectral_entropy,4703,89.3936513970728,0.9736338507335743
formula_disjoint,p2b_unweighted_entropy,spec2vec_gnps_public,4758,90.43908002280935,0.9415720891130728
formula_disjoint,p2b_unweighted_entropy,weighted_spectral_entropy,4703,89.3936513970728,0.9736338507335743
formula_disjoint,spec2vec_gnps_public,weighted_spectral_entropy,4771,90.68618133434708,0.9375392999371202
