Entry_no,SubStructure,ESI_adduct,SubStructure_type,Abbrev_name,name,IUPAC,SMILES,formula,monoisotopic_mass,Neut.loss,frag,pos,neg,mass.shift,ref
243,1,0,4-hydroxy-2-nonenal-containing peptides,[HNE],[HNE],,,C9H16O2,156.1150236,1,0,1,0,0.0,"Yan, M et. al. MS2Analyzer  A Software for Small Molecule Substructure Annotations from Accurate Tandem Mass Spectra"
71,0,1,acetate,[Acetate],[Acetate],,,C2H5O2,60.02112937,1,0,1,1,60.02113,Even-electron ions: a systematic study of the neutral species lost in the dissociation of quasi-molecular ions
72,0,1,acetate,[Acetate-],[Acetate-],,,C2H5O3,61.02840537,0,1,0,1,60.02113,Even-electron ions: a systematic study of the neutral species lost in the dissociation of quasi-molecular ions
73,0,1,acetate,[Acetate+],[Acetate+],,,C2H5O4,61.02840537,0,1,1,0,60.02113,Even-electron ions: a systematic study of the neutral species lost in the dissociation of quasi-molecular ions
68,0,1,acetate_na,[Acetate_Na],[Acetate_Na],,,,82.00307,1,0,1,1,82.00307,Even-electron ions: a systematic study of the neutral species lost in the dissociation of quasi-molecular ions
69,0,1,acetate_na,[Acetate_Na-],[Acetate_Na-],,,,80.995794,0,1,0,1,82.00307,Even-electron ions: a systematic study of the neutral species lost in the dissociation of quasi-molecular ions
70,0,1,acetate_na,[Acetate_Na+],[Acetate_Na+],,,,83.010346,0,1,1,0,82.00307,Even-electron ions: a systematic study of the neutral species lost in the dissociation of quasi-molecular ions
1,1,0,acetyl,[Acetyl kete_43],[Acetylation ketene ELO],ethenylideneoxidanium,C=C=[OH+],C2H3O,43.01784114,0,1,1,0,42.010565,"Levsen, K. et. al. Structure elucidation of phase II metabolites by tandem mass spectrometry: an overview, Journal of Chromatography A, Volume 1067, Issues 12, 4 March 2005, Pages 55-72, ISSN 0021-9673, http://dx.doi.org/10.1016/j.chroma.2004.08.165."
2,1,0,acetyl,[Acetyl kete],[Acetylation ketene],ethenone,C=C=O,C2H2O,42.010565,1,0,1,1,42.010565,"Levsen, K. et. al. Structure elucidation of phase II metabolites by tandem mass spectrometry: an overview, Journal of Chromatography A, Volume 1067, Issues 12, 4 March 2005, Pages 55-72, ISSN 0021-9673, http://dx.doi.org/10.1016/j.chroma.2004.08.165."
110,0,0,Ala_glycine or Glutamine,[Ala-Gly_or_Glut],[Ala-Gly_or_Glutamine],,,,146.0691422,1,0,1,1,0.0,Even-electron ions: a systematic study of the neutral species lost in the dissociation of quasi-molecular ions
89,1,0,aldehydes,[CH2O],[CH2O],,,,30.01056468,1,0,1,1,0.0,Even-electron ions: a systematic study of the neutral species lost in the dissociation of quasi-molecular ions
93,1,0,"aldehydes,ketones, nitroaromatic compounds",[CO],[CO],,,,27.994915,1,0,1,1,0.0,Even-electron ions: a systematic study of the neutral species lost in the dissociation of quasi-molecular ions
151,1,0,"aliph. amines (arom. amines), oximes",[NH3],[NH3],,,NH3,17.0265478,1,0,1,0,0.0,"Yan, M et. al. MS2Analyzer  A Software for Small Molecule Substructure Annotations from Accurate Tandem Mass Spectra"
229,1,0,alkylated methionine,[C3H7NOS],[C3H7NOS],,,C3H7NOS,105.0248332,1,0,1,0,0.0,"Yan, M et. al. MS2Analyzer  A Software for Small Molecule Substructure Annotations from Accurate Tandem Mass Spectra"
190,1,0,alpha_beta-unsaturated acids,[CH3COOH],[CH3COOH],,,C2H4O2,60.0211284,1,0,1,0,0.0,"Yan, M et. al. MS2Analyzer  A Software for Small Molecule Substructure Annotations from Accurate Tandem Mass Spectra"
123,1,0,amines,[Reduction],[Reduction],,,,2.015650064,1,0,1,1,0.0,Even-electron ions: a systematic study of the neutral species lost in the dissociation of quasi-molecular ions
154,1,0,"amines, aromatic nitrile, aminosulfonic acids",[HCN],[HCN],,,HCN,27.0108986,1,0,1,1,0.0,"Yan, M et. al. MS2Analyzer  A Software for Small Molecule Substructure Annotations from Accurate Tandem Mass Spectra"
182,1,0,aminoanthrachinones,[HCN+CO],[HCN+CO],,,C2HNO,55.0058136,1,0,1,0,0.0,"Yan, M et. al. MS2Analyzer  A Software for Small Molecule Substructure Annotations from Accurate Tandem Mass Spectra"
173,1,0,aminoanthraquinones,[NH3+CO or HCN+H2O],[NH3+CO or HCN+H2O],,,CH3NO,45.0214628,1,0,1,0,0.0,"Yan, M et. al. MS2Analyzer  A Software for Small Molecule Substructure Annotations from Accurate Tandem Mass Spectra"
192,1,0,aminocarboxylic acids,[CO2+NH3],[CO2+NH3],,,CH3NO2,61.0163778,1,0,1,0,0.0,"Yan, M et. al. MS2Analyzer  A Software for Small Molecule Substructure Annotations from Accurate Tandem Mass Spectra"
244,1,0,aminodeoxyhexoside,[Anhydro-aminodeoxyhexose],[Anhydro-aminodeoxyhexose],,,C6H11NO4,161.0688046,1,0,1,0,0.0,"Yan, M et. al. MS2Analyzer  A Software for Small Molecule Substructure Annotations from Accurate Tandem Mass Spectra"
174,1,0,amitriptyline,[C2H7N],[C2H7N],,,C2H7N,45.0578462,1,0,1,0,0.0,"Yan, M et. al. MS2Analyzer  A Software for Small Molecule Substructure Annotations from Accurate Tandem Mass Spectra"
76,0,1,ammonium,[Ammonium],[Ammonium],,,,17.026549,1,0,1,1,17.026549,Even-electron ions: a systematic study of the neutral species lost in the dissociation of quasi-molecular ions
77,0,1,ammonium,[Ammonium-],[Ammonium-],,,,16.019273,0,1,1,1,17.026549,Even-electron ions: a systematic study of the neutral species lost in the dissociation of quasi-molecular ions
78,0,1,ammonium,[Ammonium+],[Ammonium+],,,,18.033825,0,1,1,1,17.026549,Even-electron ions: a systematic study of the neutral species lost in the dissociation of quasi-molecular ions
226,1,0,anthraquinone carboxylic acids,[CO2+CO+CO],[CO2+CO+CO],,,C3O4,99.97966,1,0,1,0,0.0,"Yan, M et. al. MS2Analyzer  A Software for Small Molecule Substructure Annotations from Accurate Tandem Mass Spectra"
184,1,0,anthraquinones,[CO+CO+H],[CO+CO+H],,,C2HO2,56.9976546,1,0,1,0,0.0,"Yan, M et. al. MS2Analyzer  A Software for Small Molecule Substructure Annotations from Accurate Tandem Mass Spectra"
215,1,0,anthraquinones,[CO+CO+CO],[CO+CO+CO],,,C3O3,83.984745,1,0,0,0,0.0,"Yan, M et. al. MS2Analyzer  A Software for Small Molecule Substructure Annotations from Accurate Tandem Mass Spectra"
167,1,0,arginine,[CH2N2],[CH2N2],,,CH2N2,42.0217972,1,0,0,1,0.0,"Yan, M et. al. MS2Analyzer  A Software for Small Molecule Substructure Annotations from Accurate Tandem Mass Spectra"
147,1,0,aromatic amines,[H],[H],,,H,1.0078246,1,0,0,0,0.0,"Yan, M et. al. MS2Analyzer  A Software for Small Molecule Substructure Annotations from Accurate Tandem Mass Spectra"
148,1,0,aromatic amines,[NH2],[NH2],,,NH2,16.0187232,1,0,1,0,0.0,"Yan, M et. al. MS2Analyzer  A Software for Small Molecule Substructure Annotations from Accurate Tandem Mass Spectra"
155,1,0,aromatic amines,[H2CN],[H2CN],,,H2CN,28.0187232,1,0,0,1,0.0,"Yan, M et. al. MS2Analyzer  A Software for Small Molecule Substructure Annotations from Accurate Tandem Mass Spectra"
170,1,0,aromatic diamines,[NH3+HCN],[NH3+HCN],,,CH4N2,44.0374464,1,0,0,0,0.0,"Yan, M et. al. MS2Analyzer  A Software for Small Molecule Substructure Annotations from Accurate Tandem Mass Spectra"
171,1,0,aromatic dimethylamines,[N(CH3)2],[N(CH3)2],,,C2H6N,44.0500216,1,0,0,0,0.0,"Yan, M et. al. MS2Analyzer  A Software for Small Molecule Substructure Annotations from Accurate Tandem Mass Spectra"
237,1,0,aromatic iodides,[HI],[HI],,,HI,127.9123016,1,0,1,0,0.0,"Yan, M et. al. MS2Analyzer  A Software for Small Molecule Substructure Annotations from Accurate Tandem Mass Spectra"
162,1,0,aromatic methoxy group,[CH3+H2O],[CH3+H2O],,,CH5O,33.034038,1,0,0,1,0.0,"Yan, M et. al. MS2Analyzer  A Software for Small Molecule Substructure Annotations from Accurate Tandem Mass Spectra"
159,1,0,aromatic n-methyl groups,[CH3NH2],[CH3NH2],,,CH5N,31.042197,1,0,1,0,0.0,"Yan, M et. al. MS2Analyzer  A Software for Small Molecule Substructure Annotations from Accurate Tandem Mass Spectra"
90,1,0,"aromatic n-methylamines, methoxy derivative, tert. butyl",[CH3],[CH3],,,,15.0234751,1,0,1,1,0.0,Even-electron ions: a systematic study of the neutral species lost in the dissociation of quasi-molecular ions
198,1,0,aromatic trifluoromethyl,[CF3],[CF3],,,CF3,68.9952096,1,0,1,0,0.0,"Yan, M et. al. MS2Analyzer  A Software for Small Molecule Substructure Annotations from Accurate Tandem Mass Spectra"
210,0,1,bromides,[Br],[Br],,,Br,78.918336,1,0,0,0,0.0,"Yan, M et. al. MS2Analyzer  A Software for Small Molecule Substructure Annotations from Accurate Tandem Mass Spectra"
211,1,0,bromides,[HBr],[HBr],,,HBr,79.9261606,1,0,0,0,0.0,"Yan, M et. al. MS2Analyzer  A Software for Small Molecule Substructure Annotations from Accurate Tandem Mass Spectra"
227,1,0,butylesters of most amino acids,[HC(=O)OC4H9],[HC(=O)OC4H9],,,C5H10O2,102.068076,1,0,1,0,0.0,"Yan, M et. al. MS2Analyzer  A Software for Small Molecule Substructure Annotations from Accurate Tandem Mass Spectra"
172,1,0,carboxylic acids,[COOH],[COOH],,,CHO2,44.9976546,1,0,1,0,0.0,"Yan, M et. al. MS2Analyzer  A Software for Small Molecule Substructure Annotations from Accurate Tandem Mass Spectra"
176,1,0,carboxylic acids,[HCOOH],[HCOOH(H2+CO2 or H2O+CO)],,,CH2O2,46.0054792,1,0,1,1,0.0,"Yan, M et. al. MS2Analyzer  A Software for Small Molecule Substructure Annotations from Accurate Tandem Mass Spectra"
193,1,0,carboxylic acids,[H2O+CO2],[H2O+CO2],,,CH2O3,62.0003942,1,0,0,1,0.0,"Yan, M et. al. MS2Analyzer  A Software for Small Molecule Substructure Annotations from Accurate Tandem Mass Spectra"
265,1,0,hydroxylated carboxylic acid,[H2O+H2O+CO2],[H2O+H2O+CO2],,,CH4O4,80.0109586065,1,0,0,1,0.0,Even-electron ions: a systematic study of the neutral species lost in the dissociation of quasi-molecular ions
111,1,0,"carboxylic acids, aldehydes, ester",[H20],[H20],,,,18.010565,1,0,1,1,0.0,Even-electron ions: a systematic study of the neutral species lost in the dissociation of quasi-molecular ions
96,1,0,"carboxylic acids, carbamates",[Decarboxy CO2],[Decarboxylation CO2],,,CO2,43.98982924,1,0,1,1,0.0,Even-electron ions: a systematic study of the neutral species lost in the dissociation of quasi-molecular ions
85,1,0,carnitine,[Carn_85],[Carnitine carboxypropenylium],,,,85.02840582,0,1,1,0,143.094629,Even-electron ions: a systematic study of the neutral species lost in the dissociation of quasi-molecular ions
86,1,0,carnitine,[Carn_144],[Carnitine carboxypropenyltrimethylazanium],,,,144.1019051,0,1,1,0,143.094629,Even-electron ions: a systematic study of the neutral species lost in the dissociation of quasi-molecular ions
87,1,0,carnitine,[Carn_TMA],[Carnitine trimethylamine],,,,59.07349929,0,1,1,0,143.094629,Even-electron ions: a systematic study of the neutral species lost in the dissociation of quasi-molecular ions
88,1,0,carnitine,[Carnitine],[Carnitine],,,,161.1051934,1,0,1,0,143.094629,Even-electron ions: a systematic study of the neutral species lost in the dissociation of quasi-molecular ions
164,0,1,chlorides,[Cl],[Cl],,,Cl,34.968853,1,0,0,0,34.968853,"Yan, M et. al. MS2Analyzer  A Software for Small Molecule Substructure Annotations from Accurate Tandem Mass Spectra"
165,1,0,chlorides,[HCl],[HCl],,,HCl,35.9766776,1,0,1,0,34.968853,"Yan, M et. al. MS2Analyzer  A Software for Small Molecule Substructure Annotations from Accurate Tandem Mass Spectra"
196,1,0,chloroanthraquinones,[HCl+CO],[HCl+CO],,,CHOCl,63.9715926,1,0,0,0,0.0,"Yan, M et. al. MS2Analyzer  A Software for Small Molecule Substructure Annotations from Accurate Tandem Mass Spectra"
221,1,0,chloroanthraquinones,[CO+CO+HCl],[CO+CO+HCl],,,C2HO2Cl,91.9665076,1,0,0,0,0.0,"Yan, M et. al. MS2Analyzer  A Software for Small Molecule Substructure Annotations from Accurate Tandem Mass Spectra"
169,1,0,citrulline containing peptides,[HNCO],[HNCO],,,CHNO,43.0058136,1,0,1,0,0.0,"Yan, M et. al. MS2Analyzer  A Software for Small Molecule Substructure Annotations from Accurate Tandem Mass Spectra"
94,1,0,coumaric acid,[Coumaroyl],[Coumaroyl],,,,146.0367794,1,0,1,1,0.0,Even-electron ions: a systematic study of the neutral species lost in the dissociation of quasi-molecular ions
12,1,0,cysteine,[Cys alanine],[Cysteine alanine],2-aminopropanoic acid,CC(N)C(O)=O,C3H7NO2,89.04767847,1,0,1,0,119.004101,"Levsen, K. et. al. Structure elucidation of phase II metabolites by tandem mass spectrometry: an overview, Journal of Chromatography A, Volume 1067, Issues 12, 4 March 2005, Pages 55-72, ISSN 0021-9673, http://dx.doi.org/10.1016/j.chroma.2004.08.165."
13,1,0,cysteine,[Cys alanine-2H],[Cysteine alanine-2H],2-amino-2-carboxyethylidene,[CH]C(N)C(O)=O,C3H5NO2,87.03202841,1,0,1,0,119.004101,"Levsen, K. et. al. Structure elucidation of phase II metabolites by tandem mass spectrometry: an overview, Journal of Chromatography A, Volume 1067, Issues 12, 4 March 2005, Pages 55-72, ISSN 0021-9673, http://dx.doi.org/10.1016/j.chroma.2004.08.165."
14,1,0,cysteine,[Cys Ammonia],[Cysteine Ammonia],ammonia,N,H3N,17.026549,1,0,1,0,119.004101,"Levsen, K. et. al. Structure elucidation of phase II metabolites by tandem mass spectrometry: an overview, Journal of Chromatography A, Volume 1067, Issues 12, 4 March 2005, Pages 55-72, ISSN 0021-9673, http://dx.doi.org/10.1016/j.chroma.2004.08.165."
15,1,0,cysteine,[Cys formate],[Cysteine formate],formic acid,OC=O,CH2O2,46.0054793,1,0,1,0,119.004101,"Levsen, K. et. al. Structure elucidation of phase II metabolites by tandem mass spectrometry: an overview, Journal of Chromatography A, Volume 1067, Issues 12, 4 March 2005, Pages 55-72, ISSN 0021-9673, http://dx.doi.org/10.1016/j.chroma.2004.08.165."
16,1,0,cysteine,[Cys],[Cysteine],2-amino-3-sulfanylpropanoic acid,NC(CS)C(O)=O,C3H7NO2S,121.019753,1,0,1,1,119.004101,"Levsen, K. et. al. Structure elucidation of phase II metabolites by tandem mass spectrometry: an overview, Journal of Chromatography A, Volume 1067, Issues 12, 4 March 2005, Pages 55-72, ISSN 0021-9673, http://dx.doi.org/10.1016/j.chroma.2004.08.165."
17,1,0,cysteine,[Cys-],[Cysteine-],(2-amino-2-carboxyethyl)sulfanide,NC(C[S-])C(O)=O,C3H6NO2S,120.0124732,0,1,0,1,119.004101,"Levsen, K. et. al. Structure elucidation of phase II metabolites by tandem mass spectrometry: an overview, Journal of Chromatography A, Volume 1067, Issues 12, 4 March 2005, Pages 55-72, ISSN 0021-9673, http://dx.doi.org/10.1016/j.chroma.2004.08.165."
18,1,0,cysteine,[Cys+],[Cysteine+],(2-amino-2-carboxyethyl)sulfanium,NC(C[SH2+])C(O)=O,C3H8NO2S,122.0270261,0,1,1,0,119.004101,"Levsen, K. et. al. Structure elucidation of phase II metabolites by tandem mass spectrometry: an overview, Journal of Chromatography A, Volume 1067, Issues 12, 4 March 2005, Pages 55-72, ISSN 0021-9673, http://dx.doi.org/10.1016/j.chroma.2004.08.165."
241,1,0,deoxyhexoside,[Anhydro-deoxyhexose],[Anhydro-deoxyhexose],,,C6H10O4,146.057906,1,0,1,1,0.0,"Yan, M et. al. MS2Analyzer  A Software for Small Molecule Substructure Annotations from Accurate Tandem Mass Spectra"
264,1,0,"Diacyglyceryl-N,N,N-trimethylhomoserines",[DGTS_236],[DGTS_236],,,C10H22O5N,236.1497902,0,1,1,0,0.0,"Yan, M et. al. MS2Analyzer  A Software for Small Molecule Substructure Annotations from Accurate Tandem Mass Spectra"
238,1,0,dideoxyhexoside,[Anhydro-dideoxyhexose],[Anhydro-dideoxyhexose],,,C6H10O3,130.062991,1,0,1,0,0.0,"Yan, M et. al. MS2Analyzer  A Software for Small Molecule Substructure Annotations from Accurate Tandem Mass Spectra"
263,1,0,digalactosyldiacylglycerol,[DGDG_341],[DGDG_341],,,C12H23NO10,341.1321898,1,0,1,0,0.0,"Yan, M et. al. MS2Analyzer  A Software for Small Molecule Substructure Annotations from Accurate Tandem Mass Spectra"
19,1,0,diglucose,[DiAnhyGlucose],[DiAnhydroGlucose],"(3R,4R)-6-methyl-3,4-dihydro-2H-pyran-2,3,4,5-tetrol;(3R,4R)-6-methyl-3,4-dihydro-2H-pyran-2,3,4,5-tetrol",CC1=C(O)[C@H](O)[C@@H](O)C(O)O1.CC1=C(O)[C@H](O)[C@@H](O)C(O)O1,C6H10O5.C6H10O5,324.1056468,1,0,1,0,360.12678,"Levsen, K. et. al. Structure elucidation of phase II metabolites by tandem mass spectrometry: an overview, Journal of Chromatography A, Volume 1067, Issues 12, 4 March 2005, Pages 55-72, ISSN 0021-9673, http://dx.doi.org/10.1016/j.chroma.2004.08.165."
20,1,0,diglucuronide,[DiAnhyGLN],[DiAnhydroGlucuronide],"(2S,3S,4S)-3,4,5-trihydroxy-3,4-dihydro-2H-pyran-2-carboxylic acid;(2S,3S,4S)-3,4,5-trihydroxy-3,4-dihydro-2H-pyran-2-carboxylic acid",O[C@H]1[C@H](O)C(O)=CO[C@@H]1C(O)=O.O[C@H]1[C@H](O)C(O)=CO[C@@H]1C(O)=O,C6H8O6.C6H8O6,352.064176,1,0,1,1,352.06418,"Levsen, K. et. al. Structure elucidation of phase II metabolites by tandem mass spectrometry: an overview, Journal of Chromatography A, Volume 1067, Issues 12, 4 March 2005, Pages 55-72, ISSN 0021-9673, http://dx.doi.org/10.1016/j.chroma.2004.08.165."
21,1,0,diglucuronide,[DiGLN],[DiGlucuronide],"(2S,3S,4S,5R,6R)?3,4,5,6?tetrahydroxyoxane?2?carboxylic acid;(2S,3S,4S,5R,6R)?3,4,5,6?tetrahydroxyoxane?2?carboxylic acid",O[C@@H]1O[C@@H]([C@@H](O)[C@H](O)[C@H]1O)C(O)=O.O[C@@H]1O[C@@H]([C@@H](O)[C@H](O)[C@H]1O)C(O)=O,C6H10O7.C6H10O7,388.08531,1,0,1,1,352.06418,"Levsen, K. et. al. Structure elucidation of phase II metabolites by tandem mass spectrometry: an overview, Journal of Chromatography A, Volume 1067, Issues 12, 4 March 2005, Pages 55-72, ISSN 0021-9673, http://dx.doi.org/10.1016/j.chroma.2004.08.165."
166,1,0,dihydroxy compounds,[H2O+H2O],[H2O+H2O],,,H4O2,36.0211284,1,0,0,0,0.0,"Yan, M et. al. MS2Analyzer  A Software for Small Molecule Substructure Annotations from Accurate Tandem Mass Spectra"
22,1,0,disulfate,[DiSulf SO3],[Disulfate SO3],sulfonylideneoxidane.sulfonylideneoxidane,O=S(=O)=O.O=S(=O)=O,O3S.O3S,159.9136301,1,0,1,1,159.913634,"Levsen, K. et. al. Structure elucidation of phase II metabolites by tandem mass spectrometry: an overview, Journal of Chromatography A, Volume 1067, Issues 12, 4 March 2005, Pages 55-72, ISSN 0021-9673, http://dx.doi.org/10.1016/j.chroma.2004.08.165."
158,1,0,ethanolaminoanthraquinones,[OCH3],[OCH3],,,CH3O,31.018498,1,0,1,0,0.0,"Yan, M et. al. MS2Analyzer  A Software for Small Molecule Substructure Annotations from Accurate Tandem Mass Spectra"
82,1,0,ethyl derivatives,[C2H5],[C2H5],,,,29.03912516,1,0,1,1,46.0419,Even-electron ions: a systematic study of the neutral species lost in the dissociation of quasi-molecular ions
98,1,0,ethyl derivatives,[EtOH],[EtOH],,,C2H6O,46.0419,1,0,1,1,46.0419,Even-electron ions: a systematic study of the neutral species lost in the dissociation of quasi-molecular ions
99,1,0,ferulic acid,[Feruloyl],[Feruloyl],,,,176.0473441,1,0,1,1,0.0,Even-electron ions: a systematic study of the neutral species lost in the dissociation of quasi-molecular ions
152,1,0,fluorides,[HF],[HF],,,HF,20.0062278,1,0,0,0,20.0062278,"Yan, M et. al. MS2Analyzer  A Software for Small Molecule Substructure Annotations from Accurate Tandem Mass Spectra"
103,0,1,formate,[Formate],[Formate],,,CH2O3,46.0054793,1,0,1,1,46.0054793,Even-electron ions: a systematic study of the neutral species lost in the dissociation of quasi-molecular ions
104,0,1,formate,[Formate-],[Formate-],,,CH2O2,44.9982033,0,1,0,1,46.0054793,Even-electron ions: a systematic study of the neutral species lost in the dissociation of quasi-molecular ions
105,0,1,formate,[Formate+],[Formate+],,,CH2O4,47.0127553,0,1,1,0,46.0054793,Even-electron ions: a systematic study of the neutral species lost in the dissociation of quasi-molecular ions
100,0,1,formate_na,[Formate_Na],[Formate_Na],,,CH2O2Na,67.987424,1,0,1,1,67.987424,Even-electron ions: a systematic study of the neutral species lost in the dissociation of quasi-molecular ions
101,0,1,formate_na,[Formate_Na-],[Formate_Na-],,,CH2O2Na,66.980148,0,1,0,1,67.987424,Even-electron ions: a systematic study of the neutral species lost in the dissociation of quasi-molecular ions
102,0,1,formate_na,[Formate_Na+],[Formate_Na+],,,CH2O2Na,68.9947,0,1,1,0,67.987424,Even-electron ions: a systematic study of the neutral species lost in the dissociation of quasi-molecular ions
106,1,0,gallic acid,[Galloyl],[Galloyl],,,,152.0109586,1,0,1,1,0.0,Even-electron ions: a systematic study of the neutral species lost in the dissociation of quasi-molecular ions
257,1,0,gamma-glucys,[gamma-GluCys],[gamma-GluCys],,,C8H14N2O5S,250.0623394,1,0,1,1,0.0,"Yan, M et. al. MS2Analyzer  A Software for Small Molecule Substructure Annotations from Accurate Tandem Mass Spectra"
3,1,0,glucose,[AnhydroGlucose],[AnhydroGlucose],"(3R,4R)-6-methyl-3,4-dihydro-2H-pyran-2,3,4,5-tetrol",CC1=C(O)[C@H](O)[C@@H](O)C(O)O1,C6H10O5,162.0528234,1,0,1,0,180.06339,"Levsen, K. et. al. Structure elucidation of phase II metabolites by tandem mass spectrometry: an overview, Journal of Chromatography A, Volume 1067, Issues 12, 4 March 2005, Pages 55-72, ISSN 0021-9673, http://dx.doi.org/10.1016/j.chroma.2004.08.165."
108,1,0,glucose,[Glucose],[Glucose],,,,180.06339,1,0,1,1,0.0,Even-electron ions: a systematic study of the neutral species lost in the dissociation of quasi-molecular ions
7,1,0,glucuronide,[AnhyGLN_177],[AnhydroGlucuronide CDHOOD],"[(4R,5S,6S)-6-carboxy-4,5-dihydroxyoxan-3-yl]oxidanyl",[O]C1CO[C@@H]([C@@H](O)[C@@H]1O)C(O)=O,C6H9O6,177.039913,1,0,0,1,176.03209,"Levsen, K. et. al. Structure elucidation of phase II metabolites by tandem mass spectrometry: an overview, Journal of Chromatography A, Volume 1067, Issues 12, 4 March 2005, Pages 55-72, ISSN 0021-9673, http://dx.doi.org/10.1016/j.chroma.2004.08.165."
8,1,0,glucuronide,[AnhyGLN_85],[AnhydroGlucuronide DHFO],"4,5-dihydrofuran-3-olate",[O-]C1=COCC1,C4H5O2,85.02950298,0,1,0,1,176.03209,"Levsen, K. et. al. Structure elucidation of phase II metabolites by tandem mass spectrometry: an overview, Journal of Chromatography A, Volume 1067, Issues 12, 4 March 2005, Pages 55-72, ISSN 0021-9673, http://dx.doi.org/10.1016/j.chroma.2004.08.165."
9,1,0,glucuronide,[AnhyGLN_175],[AnhydroGlucuronide DHOOXC],"(2S,3S,4S)?3,4?dihydroxy?5?oxooxane?2?carboxylate",O[C@H]1[C@H](O)C(=O)CO[C@@H]1C([O-])=O,C6H7O6,175.0248115,0,1,0,1,176.03209,"Levsen, K. et. al. Structure elucidation of phase II metabolites by tandem mass spectrometry: an overview, Journal of Chromatography A, Volume 1067, Issues 12, 4 March 2005, Pages 55-72, ISSN 0021-9673, http://dx.doi.org/10.1016/j.chroma.2004.08.165."
10,1,0,glucuronide,[AnhyGLN_113],[AnhydroGlucuronide ODHPO],"5-oxo-5,6-dihydro-2H-pyran-3-olate",[O-]C1=CC(=O)COC1,C5H5O3,113.0244176,0,1,1,1,176.03209,"Levsen, K. et. al. Structure elucidation of phase II metabolites by tandem mass spectrometry: an overview, Journal of Chromatography A, Volume 1067, Issues 12, 4 March 2005, Pages 55-72, ISSN 0021-9673, http://dx.doi.org/10.1016/j.chroma.2004.08.165."
11,1,0,glucuronide,[AnhyGLN_176],[AnhydroGlucuronide],"(2S,3S,4S)-3,4,5-trihydroxy-3,4-dihydro-2H-pyran-2-carboxylic acid",O[C@H]1[C@H](O)C(O)=CO[C@@H]1C(O)=O,C6H8O6,176.032088,1,0,1,1,176.03209,"Levsen, K. et. al. Structure elucidation of phase II metabolites by tandem mass spectrometry: an overview, Journal of Chromatography A, Volume 1067, Issues 12, 4 March 2005, Pages 55-72, ISSN 0021-9673, http://dx.doi.org/10.1016/j.chroma.2004.08.165."
25,1,0,glucuronide,[GLN_194],[Glucuronide],"(2S,3S,4S,5R,6R)?3,4,5,6?tetrahydroxyoxane?2?carboxylic acid",O[C@@H]1O[C@@H]([C@@H](O)[C@H](O)[C@H]1O)C(O)=O,C6H10O7,194.0426527,0,0,0,0,176.03209,"Levsen, K. et. al. Structure elucidation of phase II metabolites by tandem mass spectrometry: an overview, Journal of Chromatography A, Volume 1067, Issues 12, 4 March 2005, Pages 55-72, ISSN 0021-9673, http://dx.doi.org/10.1016/j.chroma.2004.08.165."
80,1,0,glucuronide,[AnhyGLN + Na],[AnhydroGlucuronide + Na],,,C6H8O6Na,198.014035,1,0,1,1,198.014035,Even-electron ions: a systematic study of the neutral species lost in the dissociation of quasi-molecular ions
109,1,0,glucuronide,[GLN + Na],[Glucuronide + Na],,,,215.994605,1,0,1,1,215.994605,Even-electron ions: a systematic study of the neutral species lost in the dissociation of quasi-molecular ions
114,1,0,glucuronide,[GLN_192],[GLN_192],,,,192.027,1,0,1,1,0.0,Even-electron ions: a systematic study of the neutral species lost in the dissociation of quasi-molecular ions
251,1,0,glucuronide,[Glucuronic-acid],[Glucuronic-acid],,,C6H10O7,194.042651,1,0,1,0,0.0,"Yan, M et. al. MS2Analyzer  A Software for Small Molecule Substructure Annotations from Accurate Tandem Mass Spectra"
4,1,0,glucuronide sulfate,[AnhyGLN + SO2],[AnhydroGlucuronide + SO2],"(2S,3S,4S)-3,4,5-trihydroxy-3,4-dihydro-2H-pyran-2-carboxylic acid; (oxo-??-sulfanylidene)oxidane",O=S=O.O[C@H]1[C@H](O)C(O)=CO[C@@H]1C(O)=O,C6H8O6.O2S,239.9939884,1,0,1,1,255.988909,"Levsen, K. et. al. Structure elucidation of phase II metabolites by tandem mass spectrometry: an overview, Journal of Chromatography A, Volume 1067, Issues 12, 4 March 2005, Pages 55-72, ISSN 0021-9673, http://dx.doi.org/10.1016/j.chroma.2004.08.165."
5,1,0,glucuronide sulfate,[AnhyGLN + SO3],[AnhydroGlucuronide + SO3],"(2S,3S,4S)-3,4,5-trihydroxy-3,4-dihydro-2H-pyran-2-carboxylic acid; sulfonylideneoxidane",O=S(=O)=O.O[C@H]1[C@H](O)C(O)=CO[C@@H]1C(O)=O,C6H8O6.O3S,255.988903,1,0,1,1,255.988909,"Levsen, K. et. al. Structure elucidation of phase II metabolites by tandem mass spectrometry: an overview, Journal of Chromatography A, Volume 1067, Issues 12, 4 March 2005, Pages 55-72, ISSN 0021-9673, http://dx.doi.org/10.1016/j.chroma.2004.08.165."
6,1,0,glucuronide sulfate,[AnhyGLN_177 + SO3],[AnhydroGlucuronide CDHOOD + SO3],"[(4R,5S,6S)-6-carboxy-4,5-dihydroxyoxan-3-yl]oxidanyl; sulfonylideneoxidane",O=S(=O)=O.[O]C1CO[C@@H]([C@@H](O)[C@@H]1O)C(O)=O,C6H9O6.O3S,256.996728,1,0,0,1,255.988909,"Levsen, K. et. al. Structure elucidation of phase II metabolites by tandem mass spectrometry: an overview, Journal of Chromatography A, Volume 1067, Issues 12, 4 March 2005, Pages 55-72, ISSN 0021-9673, http://dx.doi.org/10.1016/j.chroma.2004.08.165."
23,1,0,glucuronide sulfate,[GLN + SO2],[Glucuronide + SO2],"(2S,3S,4S,5R,6R)?3,4,5,6?tetrahydroxyoxane?2?carboxylic acid; (oxo-??-sulfanylidene)oxidane",O=S=O.O[C@@H]1O[C@@H]([C@@H](O)[C@H](O)[C@H]1O)C(O)=O,C6H10O7.O2S,258.0045531,1,0,1,1,255.988909,"Levsen, K. et. al. Structure elucidation of phase II metabolites by tandem mass spectrometry: an overview, Journal of Chromatography A, Volume 1067, Issues 12, 4 March 2005, Pages 55-72, ISSN 0021-9673, http://dx.doi.org/10.1016/j.chroma.2004.08.165."
24,1,0,glucuronide sulfate,[GLN + SO3],[Glucuronide + SO3],"(2S,3S,4S,5R,6R)?3,4,5,6?tetrahydroxyoxane?2?carboxylic acid;sulfonylideneoxidane",O=S(=O)=O.O[C@@H]1O[C@@H]([C@@H](O)[C@H](O)[C@H]1O)C(O)=O,C6H10O7.O3S,273.9994677,1,0,1,1,255.988909,"Levsen, K. et. al. Structure elucidation of phase II metabolites by tandem mass spectrometry: an overview, Journal of Chromatography A, Volume 1067, Issues 12, 4 March 2005, Pages 55-72, ISSN 0021-9673, http://dx.doi.org/10.1016/j.chroma.2004.08.165."
26,1,0,glutathione,[GSH AnhydroGlutamic ac],[Glutathione AnhydroGlutamic ac],(2S)-2-amino-5-oxopent-4-enoic acid,N[C@@H](CC=C=O)C(O)=O,C5H7NO3,129.0425931,1,0,1,1,305.068159,"Levsen, K. et. al. Structure elucidation of phase II metabolites by tandem mass spectrometry: an overview, Journal of Chromatography A, Volume 1067, Issues 12, 4 March 2005, Pages 55-72, ISSN 0021-9673, http://dx.doi.org/10.1016/j.chroma.2004.08.165."
27,1,0,glutathione,[GSH AnhydroGlutamic ac-],[Glutathione AnhydroGlutamic ac-],(2S)-2-amino-5-oxopent-4-enoate,N[C@@H](CC=C=O)C([O-])=O,C5H6NO3,128.0353166,0,1,0,1,305.068159,"Levsen, K. et. al. Structure elucidation of phase II metabolites by tandem mass spectrometry: an overview, Journal of Chromatography A, Volume 1067, Issues 12, 4 March 2005, Pages 55-72, ISSN 0021-9673, http://dx.doi.org/10.1016/j.chroma.2004.08.165."
28,1,0,glutathione,[GSH AnhydroGlutamic ac+],[Glutathione AnhydroGlutamic ac+],(1S)-1-carboxy-4-oxobut-3-en-1-aminium,[NH3+][C@@H](CC=C=O)C(O)=O,C5H8NO3,130.0498695,0,1,1,0,305.068159,"Levsen, K. et. al. Structure elucidation of phase II metabolites by tandem mass spectrometry: an overview, Journal of Chromatography A, Volume 1067, Issues 12, 4 March 2005, Pages 55-72, ISSN 0021-9673, http://dx.doi.org/10.1016/j.chroma.2004.08.165."
29,1,0,glutathione,[GSH GluAlaGly],[Glutathione GluAlaGly],(2S)-2-amino-4-{[(1S)-1-[(carboxymethyl)carbamoyl]ethyl]carbamoyl}butanoic acid,C[C@H](NC(=O)CC[C@H](N)C(O)=O)C(=O)NCC(O)=O,C10H17N3O6,275.1117353,1,0,1,0,305.068159,"Levsen, K. et. al. Structure elucidation of phase II metabolites by tandem mass spectrometry: an overview, Journal of Chromatography A, Volume 1067, Issues 12, 4 March 2005, Pages 55-72, ISSN 0021-9673, http://dx.doi.org/10.1016/j.chroma.2004.08.165."
30,1,0,glutathione,[GSH GluAlaGly-2H],[Glutathione GluAlaGly-2H],(2S)-2-[(4S)-4-amino-4-carboxybutanamido]-2-[(carboxymethyl)carbamoyl]ethylidene,[CH][C@H](NC(=O)CC[C@H](N)C(O)=O)C(=O)NCC(O)=O,C10H15N3O6,273.0960852,1,0,1,1,305.068159,"Levsen, K. et. al. Structure elucidation of phase II metabolites by tandem mass spectrometry: an overview, Journal of Chromatography A, Volume 1067, Issues 12, 4 March 2005, Pages 55-72, ISSN 0021-9673, http://dx.doi.org/10.1016/j.chroma.2004.08.165."
31,1,0,glutathione,[GSH GluAlaGly-2H-],[Glutathione GluAlaGly-2H-],(2S)-2-[(4S)-4-amino-4-carboxybutanamido]-2-[(carboxymethyl)carbamoyl]ethan-1-id-1-ylidene,[C-][C@H](NC(=O)CC[C@H](N)C(O)=O)C(=O)NCC(O)=O,C10H14N3O6,272.0888088,0,1,0,1,305.068159,"Levsen, K. et. al. Structure elucidation of phase II metabolites by tandem mass spectrometry: an overview, Journal of Chromatography A, Volume 1067, Issues 12, 4 March 2005, Pages 55-72, ISSN 0021-9673, http://dx.doi.org/10.1016/j.chroma.2004.08.165."
32,1,0,glutathione,[GSH GluAlaGly-2H+],[Glutathione GluAlaGly-2H+],(2S)-2-[(4S)-4-amino-4-carboxybutanamido]-2-[(carboxymethyl)carbamoyl]ethylium,[CH2+][C@H](NC(=O)CC[C@H](N)C(O)=O)C(=O)NCC(O)=O,C10H16N3O6,274.1033617,0,1,1,0,305.068159,"Levsen, K. et. al. Structure elucidation of phase II metabolites by tandem mass spectrometry: an overview, Journal of Chromatography A, Volume 1067, Issues 12, 4 March 2005, Pages 55-72, ISSN 0021-9673, http://dx.doi.org/10.1016/j.chroma.2004.08.165."
33,1,0,glutathione,[GSH Glutamine],[Glutathione Glutamine],(2S)-2-amino-4-carbamoylbutanoic acid,N[C@@H](CCC(N)=O)C(O)=O,C5H10N2O3,146.0691422,1,0,1,0,305.068159,"Levsen, K. et. al. Structure elucidation of phase II metabolites by tandem mass spectrometry: an overview, Journal of Chromatography A, Volume 1067, Issues 12, 4 March 2005, Pages 55-72, ISSN 0021-9673, http://dx.doi.org/10.1016/j.chroma.2004.08.165."
34,1,0,glutathione,[GSH Glutamine-],[Glutathione Glutamine-],"(4S)-1,4-diamino-4-carboxybutan-1-olate",NC([O-])CC[C@H](N)C(O)=O,C5H9N2O3,147.0775158,0,1,0,1,305.068159,"Levsen, K. et. al. Structure elucidation of phase II metabolites by tandem mass spectrometry: an overview, Journal of Chromatography A, Volume 1067, Issues 12, 4 March 2005, Pages 55-72, ISSN 0021-9673, http://dx.doi.org/10.1016/j.chroma.2004.08.165."
35,1,0,glutathione,[GSH Glutamine+],[Glutathione Glutamine+],(4S)-4-amino-4-carboxybutanamidium,N[C@@H](CCC([NH3+])=O)C(O)=O,C5H11N2O3,147.0764186,0,1,1,0,305.068159,"Levsen, K. et. al. Structure elucidation of phase II metabolites by tandem mass spectrometry: an overview, Journal of Chromatography A, Volume 1067, Issues 12, 4 March 2005, Pages 55-72, ISSN 0021-9673, http://dx.doi.org/10.1016/j.chroma.2004.08.165."
36,1,0,glutathione,[GSH_Gly-],[Glutathione Glycine-],2-aminoacetate,NCC([O-])=O,C2H4NO2,74.02475195,0,1,0,1,305.068159,"Levsen, K. et. al. Structure elucidation of phase II metabolites by tandem mass spectrometry: an overview, Journal of Chromatography A, Volume 1067, Issues 12, 4 March 2005, Pages 55-72, ISSN 0021-9673, http://dx.doi.org/10.1016/j.chroma.2004.08.165."
37,1,0,glutathione,[GSH_Gly+],[Glutathione Glycine+],carboxymethanaminium,[NH3+]CC(O)=O,C2H6NO2,76.03930486,0,1,1,0,305.068159,"Levsen, K. et. al. Structure elucidation of phase II metabolites by tandem mass spectrometry: an overview, Journal of Chromatography A, Volume 1067, Issues 12, 4 March 2005, Pages 55-72, ISSN 0021-9673, http://dx.doi.org/10.1016/j.chroma.2004.08.165."
38,1,0,glutathione,[GSH_Gly],[Glutathione Glycine],2-aminoacetic acid,NCC(O)=O,C2H5NO2,75.03202841,1,0,1,1,305.068159,"Levsen, K. et. al. Structure elucidation of phase II metabolites by tandem mass spectrometry: an overview, Journal of Chromatography A, Volume 1067, Issues 12, 4 March 2005, Pages 55-72, ISSN 0021-9673, http://dx.doi.org/10.1016/j.chroma.2004.08.165."
39,1,0,glutathione,[GSH],[Glutathione],(2S)-2-amino-4-{[(1R)-1-[(carboxymethyl)carbamoyl]-2-sulfanylethyl]carbamoyl}butanoic acid,N[C@@H](CCC(=O)N[C@@H](CS)C(=O)NCC(O)=O)C(O)=O,C10H17N3O6S,307.0838065,1,0,1,0,305.068159,"Levsen, K. et. al. Structure elucidation of phase II metabolites by tandem mass spectrometry: an overview, Journal of Chromatography A, Volume 1067, Issues 12, 4 March 2005, Pages 55-72, ISSN 0021-9673, http://dx.doi.org/10.1016/j.chroma.2004.08.165."
40,1,0,glutathione,[GSH-],[Glutathione-],[(2R)-2-[(4S)-4-amino-4-carboxybutanamido]-2-[(carboxymethyl)carbamoyl]ethyl]sulfanide,N[C@@H](CCC(=O)N[C@@H](C[S-])C(=O)NCC(O)=O)C(O)=O,C10H16N3O6S,306.07653,0,1,0,1,305.068159,"Levsen, K. et. al. Structure elucidation of phase II metabolites by tandem mass spectrometry: an overview, Journal of Chromatography A, Volume 1067, Issues 12, 4 March 2005, Pages 55-72, ISSN 0021-9673, http://dx.doi.org/10.1016/j.chroma.2004.08.165."
41,1,0,glutathione,[GSH+],[Glutathione+],[(2R)-2-[(4S)-4-amino-4-carboxybutanamido]-2-[(carboxymethyl)carbamoyl]ethyl]sulfanium,N[C@@H](CCC(=O)N[C@@H](C[SH2+])C(=O)NCC(O)=O)C(O)=O,C10H18N3O6S,308.0910829,0,1,1,0,305.068159,"Levsen, K. et. al. Structure elucidation of phase II metabolites by tandem mass spectrometry: an overview, Journal of Chromatography A, Volume 1067, Issues 12, 4 March 2005, Pages 55-72, ISSN 0021-9673, http://dx.doi.org/10.1016/j.chroma.2004.08.165."
95,1,0,gly-cysteinyl,[Cys-Gly],[Cys-Gly],,,,178.0412132,1,0,1,1,0.0,Even-electron ions: a systematic study of the neutral species lost in the dissociation of quasi-molecular ions
248,1,0,gly-cysteinyl,[CysGly],[CysGly],,,C5H8N2O3S,176.0255618,1,0,0,1,0.0,"Yan, M et. al. MS2Analyzer  A Software for Small Molecule Substructure Annotations from Accurate Tandem Mass Spectra"
42,1,0,glycine,[Gly-],[Glycine-],2-aminoacetate,NCC([O-])=O,C2H4NO2,74.02475195,0,1,0,1,57.021464,"Levsen, K. et. al. Structure elucidation of phase II metabolites by tandem mass spectrometry: an overview, Journal of Chromatography A, Volume 1067, Issues 12, 4 March 2005, Pages 55-72, ISSN 0021-9673, http://dx.doi.org/10.1016/j.chroma.2004.08.165."
43,1,0,glycine,[Gly+],[Glycine+],carboxymethanaminium,[NH3+]CC(O)=O,C2H6NO2,76.03930486,0,1,1,0,57.021464,"Levsen, K. et. al. Structure elucidation of phase II metabolites by tandem mass spectrometry: an overview, Journal of Chromatography A, Volume 1067, Issues 12, 4 March 2005, Pages 55-72, ISSN 0021-9673, http://dx.doi.org/10.1016/j.chroma.2004.08.165."
44,1,0,glycine,[Gly],[Glycine],2-aminoacetic acid,NCC(O)=O,C2H5NO2,75.03202841,1,0,1,1,57.021464,"Levsen, K. et. al. Structure elucidation of phase II metabolites by tandem mass spectrometry: an overview, Journal of Chromatography A, Volume 1067, Issues 12, 4 March 2005, Pages 55-72, ISSN 0021-9673, http://dx.doi.org/10.1016/j.chroma.2004.08.165."
213,1,0,histidine residue,[Histidine side chain],[Histidine side chain],,,C4H5N2,81.045271,1,0,0,1,0.0,"Yan, M et. al. MS2Analyzer  A Software for Small Molecule Substructure Annotations from Accurate Tandem Mass Spectra"
203,1,0,hydroxyanthraquinones,[H2O+CO+CO],[H2O+CO+CO],,,C2H2O3,74.0003942,1,0,0,0,0.0,"Yan, M et. al. MS2Analyzer  A Software for Small Molecule Substructure Annotations from Accurate Tandem Mass Spectra"
233,1,0,hydroxyanthraquinones,[4CO],[4CO],,,4CO,111.97966,1,0,1,0,0.0,"Yan, M et. al. MS2Analyzer  A Software for Small Molecule Substructure Annotations from Accurate Tandem Mass Spectra"
200,1,0,hydroxycarboxylic acids,[CO2+CO],[CO2+CO],,,C2O3,71.984745,1,0,1,0,0.0,"Yan, M et. al. MS2Analyzer  A Software for Small Molecule Substructure Annotations from Accurate Tandem Mass Spectra"
217,1,0,hydroxytriazines,[HCNO+CH2N2],[HCNO+CH2N2],,,C2H3N3O,85.0276108,1,0,0,1,0.0,"Yan, M et. al. MS2Analyzer  A Software for Small Molecule Substructure Annotations from Accurate Tandem Mass Spectra"
83,1,0,isopropyl derivatives,[C3H7],[C3H7],,,C3H7,43.0547722,1,0,1,0,0.0,Even-electron ions: a systematic study of the neutral species lost in the dissociation of quasi-molecular ions
242,1,0,lysophosphatidic acid,[Lyso_PA],[Lyso_PA],,,C3H7O5P,154.0031102,1,0,1,0,0.0,"Yan, M et. al. MS2Analyzer  A Software for Small Molecule Substructure Annotations from Accurate Tandem Mass Spectra"
254,1,0,lysophosphatidylcholine,[LysoPC_225],[LysoPC_225],,,C7H16NO5P,225.0766056,1,0,0,1,0.0,"Yan, M et. al. MS2Analyzer  A Software for Small Molecule Substructure Annotations from Accurate Tandem Mass Spectra"
247,1,0,lysophosphatidylglycerol,[Lyso_PG_172],[Lyso_PG_172],,,C3H9O6P,172.0136744,1,0,1,0,0.0,"Yan, M et. al. MS2Analyzer  A Software for Small Molecule Substructure Annotations from Accurate Tandem Mass Spectra"
255,1,0,lysophosphatidylglycerol,[LysoPG_228],[LysoPG_228],,,C6H13O7P,228.0398878,1,0,0,1,0.0,"Yan, M et. al. MS2Analyzer  A Software for Small Molecule Substructure Annotations from Accurate Tandem Mass Spectra"
258,1,0,lysophosphatidylinositol,[Lyso_PI_260],[Lyso_PI_260],,,C6H13O9P,260.0297178,1,0,1,0,0.0,"Yan, M et. al. MS2Analyzer  A Software for Small Molecule Substructure Annotations from Accurate Tandem Mass Spectra"
262,1,0,lysophosphatidylinositol,[Lyso_PI_316],[Lyso_PI_316],,,C9H17O10P,316.0559312,1,0,0,1,0.0,"Yan, M et. al. MS2Analyzer  A Software for Small Molecule Substructure Annotations from Accurate Tandem Mass Spectra"
117,1,0,malonic acid ,[Malonyl],[Malonyl],,,,86.000395,1,0,1,1,0.0,Even-electron ions: a systematic study of the neutral species lost in the dissociation of quasi-molecular ions
260,1,0,malonylglucuronide,[MalonylGlc_266],[MalonylGlc_266],,,C9H14O9,266.0637794,1,0,1,0,0.0,"Yan, M et. al. MS2Analyzer  A Software for Small Molecule Substructure Annotations from Accurate Tandem Mass Spectra"
256,1,0,malonylglucuronides,[AnhydromalonylGlc],[AnhydromalonylGlc],,,C9H12O8,248.0532152,1,0,1,0,0.0,"Yan, M et. al. MS2Analyzer  A Software for Small Molecule Substructure Annotations from Accurate Tandem Mass Spectra"
45,1,0,mercapturate,[NAcCys_rad_129],[NAcCysteine  Acetyliminoprop radical],(2-acetamido-1-oxidoprop-1-en-1-yl)oxidanyl,CC(=O)N\C(C)=C(\[O])[O-],C5H7NO3,129.0431417,0,1,0,1,161.014666,"Levsen, K. et. al. Structure elucidation of phase II metabolites by tandem mass spectrometry: an overview, Journal of Chromatography A, Volume 1067, Issues 12, 4 March 2005, Pages 55-72, ISSN 0021-9673, http://dx.doi.org/10.1016/j.chroma.2004.08.165."
46,1,0,mercapturate,[NAcCys_Acetamide_59],[NAcCysteine Acetamide],acetamide,CC(N)=O,C2H5NO,59.03711379,1,0,1,0,161.014666,"Levsen, K. et. al. Structure elucidation of phase II metabolites by tandem mass spectrometry: an overview, Journal of Chromatography A, Volume 1067, Issues 12, 4 March 2005, Pages 55-72, ISSN 0021-9673, http://dx.doi.org/10.1016/j.chroma.2004.08.165."
47,1,0,mercapturate,[NAcCys_kete_88],[NAcCysteine Acetiminoprop-ketene],1-carboxyeth-1-en-1-aminium,[NH3+]C(=C)C(O)=O,C3H6NO2,88.03930486,0,1,1,0,161.014666,"Levsen, K. et. al. Structure elucidation of phase II metabolites by tandem mass spectrometry: an overview, Journal of Chromatography A, Volume 1067, Issues 12, 4 March 2005, Pages 55-72, ISSN 0021-9673, http://dx.doi.org/10.1016/j.chroma.2004.08.165."
48,1,0,mercapturate,[NAcCys_Acetylkete_43],[NAcCysteine Acetylation ketene ELO],ethenylideneoxidanium,C=C=[OH+],C2H3O,43.01784114,0,1,1,0,161.014666,"Levsen, K. et. al. Structure elucidation of phase II metabolites by tandem mass spectrometry: an overview, Journal of Chromatography A, Volume 1067, Issues 12, 4 March 2005, Pages 55-72, ISSN 0021-9673, http://dx.doi.org/10.1016/j.chroma.2004.08.165."
49,1,0,mercapturate,[NAcCys_Acetylkete_42],[NAcCysteine Acetylation ketene],ethenone,C=C=O,C2H2O,42.010565,1,0,1,1,161.014666,"Levsen, K. et. al. Structure elucidation of phase II metabolites by tandem mass spectrometry: an overview, Journal of Chromatography A, Volume 1067, Issues 12, 4 March 2005, Pages 55-72, ISSN 0021-9673, http://dx.doi.org/10.1016/j.chroma.2004.08.165."
50,1,0,mercapturate,[NAcCys_129],[NAcCysteine Acetyliminoprop],Acetyl-2-iminopropionic acid,CC(=O)CC(=N)C(O)=O,C5H7NO3,129.0425931,1,0,1,1,161.014666,"Levsen, K. et. al. Structure elucidation of phase II metabolites by tandem mass spectrometry: an overview, Journal of Chromatography A, Volume 1067, Issues 12, 4 March 2005, Pages 55-72, ISSN 0021-9673, http://dx.doi.org/10.1016/j.chroma.2004.08.165."
51,1,0,mercapturate,[NAcCys_130+],[NAcCysteine Acetyliminoprop+],N-(1-carboxyeth-1-en-1-yl)acetamidium,CC(=O)[NH2+]C(=C)C(O)=O,C5H8NO3,130.0498695,1,0,1,0,161.014666,"Levsen, K. et. al. Structure elucidation of phase II metabolites by tandem mass spectrometry: an overview, Journal of Chromatography A, Volume 1067, Issues 12, 4 March 2005, Pages 55-72, ISSN 0021-9673, http://dx.doi.org/10.1016/j.chroma.2004.08.165."
52,1,0,mercapturate,[NAcCys_163],[NAcCysteine],(2R)-2-acetamido-3-sulfanylpropanoic acid,CC(=O)N[C@@H](CS)C(O)=O,C5H9NO3S,163.0303143,1,0,1,0,161.014666,"Levsen, K. et. al. Structure elucidation of phase II metabolites by tandem mass spectrometry: an overview, Journal of Chromatography A, Volume 1067, Issues 12, 4 March 2005, Pages 55-72, ISSN 0021-9673, http://dx.doi.org/10.1016/j.chroma.2004.08.165."
53,1,0,mercapturate,[NAcCys_164+],[NAcCysteine+],[(2R)-2-carboxy-2-acetamidoethyl]sulfanium,CC(=O)N[C@@H](C[SH2+])C(O)=O,C5H10NO3S,164.0375908,0,1,1,0,161.014666,"Levsen, K. et. al. Structure elucidation of phase II metabolites by tandem mass spectrometry: an overview, Journal of Chromatography A, Volume 1067, Issues 12, 4 March 2005, Pages 55-72, ISSN 0021-9673, http://dx.doi.org/10.1016/j.chroma.2004.08.165."
220,1,0,metal-monosaccharide complexes,[C3H6O3],[C3H6O3],,,C3H6O3,90.0316926,1,0,1,0,0.0,"Yan, M et. al. MS2Analyzer  A Software for Small Molecule Substructure Annotations from Accurate Tandem Mass Spectra"
235,1,0,metal-monosaccharide complexes,[C4H8O4],[C4H8O4],,,C4H8O4,120.0422568,1,0,1,0,0.0,"Yan, M et. al. MS2Analyzer  A Software for Small Molecule Substructure Annotations from Accurate Tandem Mass Spectra"
204,1,0,methionine side chain,[C3H6S],[C3H6S],,,C3H6S,74.0190196,1,0,1,0,0.0,"Yan, M et. al. MS2Analyzer  A Software for Small Molecule Substructure Annotations from Accurate Tandem Mass Spectra"
197,1,0,methionine sulfoxide,[methylsulfenic acid],[methylsulfenic acid],,,CH4OS,63.9982854,1,0,1,0,0.0,"Yan, M et. al. MS2Analyzer  A Software for Small Molecule Substructure Annotations from Accurate Tandem Mass Spectra"
149,1,0,methoxy derivatives,[CH4],[CH4],,,CH4,16.0312984,1,0,0,0,0.0,"Yan, M et. al. MS2Analyzer  A Software for Small Molecule Substructure Annotations from Accurate Tandem Mass Spectra"
183,1,0,"methoxycarboxylic acids, anthraquinones, hydroxycarboxylic acids",[CO+CO],[CO+CO],,,CO+CO,55.98983,1,0,1,0,0.0,"Yan, M et. al. MS2Analyzer  A Software for Small Molecule Substructure Annotations from Accurate Tandem Mass Spectra"
161,1,0,methyl esters,[CH3OH],[CH3OH],,,CH4O,32.0262134,1,0,1,0,0.0,"Yan, M et. al. MS2Analyzer  A Software for Small Molecule Substructure Annotations from Accurate Tandem Mass Spectra"
178,1,0,methyl sufide,[CH4S],[CH4S],,,CH4S,48.0033704,1,0,1,0,0.0,"Yan, M et. al. MS2Analyzer  A Software for Small Molecule Substructure Annotations from Accurate Tandem Mass Spectra"
249,1,0,monogalactosyldiacylglycerol,[MGDG],[MGDG],,,C6H13NO5,179.0793688,1,0,1,0,0.0,"Yan, M et. al. MS2Analyzer  A Software for Small Molecule Substructure Annotations from Accurate Tandem Mass Spectra"
265,1,0,Monogalactosyldiacylglycerol,[MGDG_Na_243],[MGDG_Na_243],,,C9H16O6Na,243.0844536,0,1,1,0,0.0,"Yan, M et. al. MS2Analyzer  A Software for Small Molecule Substructure Annotations from Accurate Tandem Mass Spectra"
246,1,0,n-acetyl-l-lysine side chain,[NAc_Lys_171],[C8H13NO3],,,C8H13NO3,171.08954,1,0,0,1,0.0,"Yan, M et. al. MS2Analyzer  A Software for Small Molecule Substructure Annotations from Accurate Tandem Mass Spectra"
107,1,0,n-acetylglucosamine,[GlcNAc_221],[GlcNAc_221],,,C8H15NO6,221.0899372,1,0,1,1,0.0,Even-electron ions: a systematic study of the neutral species lost in the dissociation of quasi-molecular ions
253,1,0,n-acetylglucosamine,[AnhydroGlcNAc_203],[AnhydroGlcNAc_203],,,C8H13NO5,203.0793688,1,0,1,1,0.0,"Yan, M et. al. MS2Analyzer  A Software for Small Molecule Substructure Annotations from Accurate Tandem Mass Spectra"
185,1,0,n-methyl carbamate,[Methyl isocyanate],[Methyl isocyanate],,,C2H3NO,57.0214628,1,0,1,0,0.0,"Yan, M et. al. MS2Analyzer  A Software for Small Molecule Substructure Annotations from Accurate Tandem Mass Spectra"
187,1,0,naphthoxylcarboxylic acid,[C2H2O2],[C2H2O2],,,C2H2O2,58.0054792,1,0,1,0,0.0,"Yan, M et. al. MS2Analyzer  A Software for Small Molecule Substructure Annotations from Accurate Tandem Mass Spectra"
194,1,0,nitrate group,[HNO3],[HNO3],,,HNO3,62.9956436,1,0,0,1,0.0,"Yan, M et. al. MS2Analyzer  A Software for Small Molecule Substructure Annotations from Accurate Tandem Mass Spectra"
153,1,0,nitrile,[CN],[CN],,,CN,26.003074,1,0,0,0,0.0,"Yan, M et. al. MS2Analyzer  A Software for Small Molecule Substructure Annotations from Accurate Tandem Mass Spectra"
179,1,0,nitroaldehydes,[H2O+NO],[H2O+NO],,,H2NO2,48.0085532,1,0,1,0,0.0,"Yan, M et. al. MS2Analyzer  A Software for Small Molecule Substructure Annotations from Accurate Tandem Mass Spectra"
202,1,0,"nitroaldehydes, nitroaromatics",[NO2+CO],[NO2+CO],,,CNO3,73.987819,1,0,1,1,0.0,"Yan, M et. al. MS2Analyzer  A Software for Small Molecule Substructure Annotations from Accurate Tandem Mass Spectra"
201,1,0,nitroanilines,[NO2+HCN],[NO2+HCN],,,CHNO2,73.0038026,1,0,0,0,0.0,"Yan, M et. al. MS2Analyzer  A Software for Small Molecule Substructure Annotations from Accurate Tandem Mass Spectra"
150,1,0,"nitroaromatic compounds, n-oxides",[OH],[OH],,,OH,17.0027396,1,0,1,1,0.0,"Yan, M et. al. MS2Analyzer  A Software for Small Molecule Substructure Annotations from Accurate Tandem Mass Spectra"
156,1,0,nitroaromatics,[NO],[NO],,,NO,29.997989,1,0,1,1,0.0,"Yan, M et. al. MS2Analyzer  A Software for Small Molecule Substructure Annotations from Accurate Tandem Mass Spectra"
157,1,0,nitroaromatics,[HNO],[HNO],,,HNO,31.0058136,1,0,0,1,0.0,"Yan, M et. al. MS2Analyzer  A Software for Small Molecule Substructure Annotations from Accurate Tandem Mass Spectra"
175,1,0,nitroaromatics,[NO2],[NO2],,,NO2,45.992904,1,0,1,1,0.0,"Yan, M et. al. MS2Analyzer  A Software for Small Molecule Substructure Annotations from Accurate Tandem Mass Spectra"
177,1,0,nitroaromatics,[NO+OH],[NO+OH],,,HO2N,47.0007286,1,0,0,1,0.0,"Yan, M et. al. MS2Analyzer  A Software for Small Molecule Substructure Annotations from Accurate Tandem Mass Spectra"
189,1,0,nitroaromatics,[NO+NO],[NO+NO],,,N2O2,59.995978,1,0,0,0,0.0,"Yan, M et. al. MS2Analyzer  A Software for Small Molecule Substructure Annotations from Accurate Tandem Mass Spectra"
205,1,0,nitroaromatics,[NO+NO2],[NO+NO2],,,N2O3,75.990893,1,0,0,0,0.0,"Yan, M et. al. MS2Analyzer  A Software for Small Molecule Substructure Annotations from Accurate Tandem Mass Spectra"
218,1,0,nitroaromatics,[NO+CO+CO],[NO+CO+CO],,,C2NO3,85.987819,1,0,0,0,0.0,"Yan, M et. al. MS2Analyzer  A Software for Small Molecule Substructure Annotations from Accurate Tandem Mass Spectra"
219,1,0,nitroaromatics,[NO+NO+CO],[NO+NO+CO],,,CN2O3,87.990893,1,0,1,0,0.0,"Yan, M et. al. MS2Analyzer  A Software for Small Molecule Substructure Annotations from Accurate Tandem Mass Spectra"
222,1,0,nitroaromatics,[NO2+NO2],[NO2+NO2],,,N2O4,91.985808,1,0,0,0,0.0,"Yan, M et. al. MS2Analyzer  A Software for Small Molecule Substructure Annotations from Accurate Tandem Mass Spectra"
228,1,0,nitroaromatics,[NO+NO2+CO],[NO+NO2+CO],,,CN2O4,103.985808,1,0,1,0,0.0,"Yan, M et. al. MS2Analyzer  A Software for Small Molecule Substructure Annotations from Accurate Tandem Mass Spectra"
234,1,0,nitroaromatics,[NO2+NO2+CO],[NO2+NO2+CO],,,CN2O5,119.980723,1,0,1,0,0.0,"Yan, M et. al. MS2Analyzer  A Software for Small Molecule Substructure Annotations from Accurate Tandem Mass Spectra"
92,1,0,"nitroaromatics, anthraquinones",[CHO],[CHO],,,,29.00273965,1,0,1,1,0.0,Even-electron ions: a systematic study of the neutral species lost in the dissociation of quasi-molecular ions
186,1,0,"nitroaromatics, hydroxyaldehydes",[NO+CO],[NO+CO],,,CNO2,57.992904,1,0,1,0,0.0,"Yan, M et. al. MS2Analyzer  A Software for Small Molecule Substructure Annotations from Accurate Tandem Mass Spectra"
240,1,0,"nitroaromatics, trinitrocarboxylic acids",[NO2+NO+NO+CO],[NO2+NO+NO+CO],,,CN3O5,133.983797,1,0,0,1,0.0,"Yan, M et. al. MS2Analyzer  A Software for Small Molecule Substructure Annotations from Accurate Tandem Mass Spectra"
119,1,0,nitrogen,[N2],[N2],,,,28.00614801,1,0,1,1,0.0,Even-electron ions: a systematic study of the neutral species lost in the dissociation of quasi-molecular ions
223,1,0,nitrosulfonic acids,[SO2+NO],[SO2+NO],,,NO3S,93.959891,1,0,0,1,0.0,"Yan, M et. al. MS2Analyzer  A Software for Small Molecule Substructure Annotations from Accurate Tandem Mass Spectra"
236,1,0,nitrosulfonic acids,[SO2+NO+NO],[SO2+NO+NO],,,N2O4S,123.95788,1,0,0,1,0.0,"Yan, M et. al. MS2Analyzer  A Software for Small Molecule Substructure Annotations from Accurate Tandem Mass Spectra"
121,1,0,nitrotoluenes,[O],[O],,,,15.99491462,1,0,1,1,0.0,Even-electron ions: a systematic study of the neutral species lost in the dissociation of quasi-molecular ions
239,1,0,pentoside,[Anhydro-pentose],[Anhydro-pentose],,,C5H8O4,132.0422568,1,0,1,0,0.0,"Yan, M et. al. MS2Analyzer  A Software for Small Molecule Substructure Annotations from Accurate Tandem Mass Spectra"
230,1,0,peptides with tyrosyl residue,[tyrosine side-chain],[tyrosine side-chain],,,C7H7O,107.0496872,1,0,0,1,0.0,"Yan, M et. al. MS2Analyzer  A Software for Small Molecule Substructure Annotations from Accurate Tandem Mass Spectra"
231,1,0,peptides with tyrosyl residue,[tyrosine side-chain+hydrogen],[tyrosine side-chain+hydrogen],,,C7H8O,108.0575118,1,0,1,0,0.0,"Yan, M et. al. MS2Analyzer  A Software for Small Molecule Substructure Annotations from Accurate Tandem Mass Spectra"
207,1,0,phenyl,[phenyl radical],[phenyl radical],,,C6H5,77.039123,1,0,1,0,0.0,"Yan, M et. al. MS2Analyzer  A Software for Small Molecule Substructure Annotations from Accurate Tandem Mass Spectra"
209,1,0,phenyl,[benzene],[benzene],,,C6H6,78.0469476,1,0,1,0,0.0,"Yan, M et. al. MS2Analyzer  A Software for Small Molecule Substructure Annotations from Accurate Tandem Mass Spectra"
206,1,0,phenyl(in deferasirox),[benzyne],[benzyne],,,C6H4,76.0312984,1,0,0,1,0.0,"Yan, M et. al. MS2Analyzer  A Software for Small Molecule Substructure Annotations from Accurate Tandem Mass Spectra"
232,1,0,phenylthio compounds,[phenylthio radical],[phenylthio radical],,,C6H5S,109.011195,1,0,1,0,0.0,"Yan, M et. al. MS2Analyzer  A Software for Small Molecule Substructure Annotations from Accurate Tandem Mass Spectra"
180,1,0,phosphate,[H3PO4 from 2+],[H3PO4 from 2+],,,H3O4P/2,48.9884484,1,0,1,0,0.0,"Yan, M et. al. MS2Analyzer  A Software for Small Molecule Substructure Annotations from Accurate Tandem Mass Spectra"
212,1,0,phosphates,[HPO3],[HPO3],,,HPO3,79.9663326,1,0,1,0,0.0,"Yan, M et. al. MS2Analyzer  A Software for Small Molecule Substructure Annotations from Accurate Tandem Mass Spectra"
224,1,0,phosphates,[H2PO4],[H2PO4-],,OP(O)([O-])=O,H2PO4,96.969619122,0,1,0,1,0.0,HMDB glucose-1-phosphate
225,1,0,phosphates,[H3PO4],[H3PO4],,,H3PO4,97.9768968,1,0,1,0,0.0,"Yan, M et. al. MS2Analyzer  A Software for Small Molecule Substructure Annotations from Accurate Tandem Mass Spectra"
128,1,0,phosphatidylcholine,[PC_184],[PhosphatidylCholine_183],[2?(trimethylazaniumyl)ethoxy]phosphonic acid,C[N+](C)(C)CCOP(O)(O)=O,C5H15NO4P,184.0733209,0,1,1,0,0.0,"Brügger, B. et. al. Quantitative analysis of biological membrane lipids at the low picomole level by nano-electrospray ionization tandem mass spectrometry. Proc. Natl. Acad. Sci. U.S.A., 94, 2339-2344 (1997)."
129,1,0,phosphatidylcholine,[PC_183],[PhosphatidylCholine_184],,,C5H15NO4P,183.0654959,1,0,1,0,0.0,"Brügger, B. et. al. Quantitative analysis of biological membrane lipids at the low picomole level by nano-electrospray ionization tandem mass spectrometry. Proc. Natl. Acad. Sci. U.S.A., 94, 2339-2344 (1997)."
130,1,0,phosphatidylcholine,[PC_166],[PhosphatidylCholine_166],trimethyl[2-(phosphooxy)ethyl]azanium,C[N+](C)(C)CCOP(=O)=O,C5H13NO3P,166.0627567,0,1,1,0,0.0,"Brügger, B. et. al. Quantitative analysis of biological membrane lipids at the low picomole level by nano-electrospray ionization tandem mass spectrometry. Proc. Natl. Acad. Sci. U.S.A., 94, 2339-2344 (1997)."
131,1,0,phosphatidylcholine,[PC_124],[PhosphatidylCholine_124],(ethan-2-ylium-1-yloxy)phosphonic acid,[CH2+]COP(O)(O)=O,C2H6O4P,124.9998221,0,1,1,0,0.0,"Brügger, B. et. al. Quantitative analysis of biological membrane lipids at the low picomole level by nano-electrospray ionization tandem mass spectrometry. Proc. Natl. Acad. Sci. U.S.A., 94, 2339-2344 (1997)."
132,1,0,phosphatidylcholine,[PC_104],[PhosphatidylCholine_104],(2?hydroxyethyl)trimethylazanium,C[N+](C)(C)CCO,C5H14NO,104.1069905,0,1,1,0,0.0,"Brügger, B. et. al. Quantitative analysis of biological membrane lipids at the low picomole level by nano-electrospray ionization tandem mass spectrometry. Proc. Natl. Acad. Sci. U.S.A., 94, 2339-2344 (1997)."
133,1,0,phosphatidylcholine,[PC_103],[PhosphatidylCholine_103],,,C5H13NO,103.0991655,1,0,1,0,0.0,"Brügger, B. et. al. Quantitative analysis of biological membrane lipids at the low picomole level by nano-electrospray ionization tandem mass spectrometry. Proc. Natl. Acad. Sci. U.S.A., 94, 2339-2344 (1997)."
134,1,0,phosphatidylcholine,[PC_86],[PhosphatidylCholine_86],ethenyltrimethylazanium,C[N+](C)(C)C=C,C5H12N,86.09642581,0,1,1,0,0.0,"Brügger, B. et. al. Quantitative analysis of biological membrane lipids at the low picomole level by nano-electrospray ionization tandem mass spectrometry. Proc. Natl. Acad. Sci. U.S.A., 94, 2339-2344 (1997)."
135,1,0,phosphatidylcholine,[PC_60],[PhosphatidylCholine_60],trimethylazanium,C[NH+](C)C,C3H10N,60.08077575,0,1,1,0,0.0,"Brügger, B. et. al. Quantitative analysis of biological membrane lipids at the low picomole level by nano-electrospray ionization tandem mass spectrometry. Proc. Natl. Acad. Sci. U.S.A., 94, 2339-2344 (1997)."
181,1,0,phosphatidylcholine,[PC_CH3Cl],[CH3Cl],,,CH3Cl,49.9923268,1,0,1,0,0.0,"Yan, M et. al. MS2Analyzer  A Software for Small Molecule Substructure Annotations from Accurate Tandem Mass Spectra"
188,1,0,phosphatidylcholine,[TMA],[trimethylamine],,,C3H9N,59.0734954,1,0,1,0,0.0,"Yan, M et. al. MS2Analyzer  A Software for Small Molecule Substructure Annotations from Accurate Tandem Mass Spectra"
191,1,0,phosphatidylcholine,[HCOO+CH3],[HCOO+CH3],,,C2H4O2,60.0211284,1,0,0,1,0.0,"Yan, M et. al. MS2Analyzer  A Software for Small Molecule Substructure Annotations from Accurate Tandem Mass Spectra"
136,1,0,phosphatidylethanolamine,[PE_216],[PhosphatidylEthanolamine_216],"(2-azaniumylethoxy)[(2R)-2,3-dihydroxypropoxy]phosphinic acid",[H][C@@](O)(CO)COP(O)(=O)OCC[NH3+],C5H15NO6P,216.0631506,0,1,1,0,0.0,"Brügger, B. et. al. Quantitative analysis of biological membrane lipids at the low picomole level by nano-electrospray ionization tandem mass spectrometry. Proc. Natl. Acad. Sci. U.S.A., 94, 2339-2344 (1997)."
137,1,0,phosphatidylethanolamine,[PE_141],[PhosphatidylEthanolamine_141],2?azaniumylethyl hydrogen phosphate,[NH3+]CCOP(O)([O-])=O,C2H8NO4P,141.0190943,1,0,1,0,0.0,"Brügger, B. et. al. Quantitative analysis of biological membrane lipids at the low picomole level by nano-electrospray ionization tandem mass spectrometry. Proc. Natl. Acad. Sci. U.S.A., 94, 2339-2344 (1997)."
138,1,0,phosphatidylethanolamine,[PE_62],[PhosphatidylEthanolamine_62],2-hydroxyethan-1-aminium,[NH3+]CCO,C2H8NO,62.0600403,0,1,1,0,0.0,"Brügger, B. et. al. Quantitative analysis of biological membrane lipids at the low picomole level by nano-electrospray ionization tandem mass spectrometry. Proc. Natl. Acad. Sci. U.S.A., 94, 2339-2344 (1997)."
139,1,0,phosphatidylethanolamine,[PE_44],[PhosphatidylEthanolamine_44],ethenaminium,[NH3+]C=C,C2H6N,44.04947562,0,1,1,0,0.0,"Brügger, B. et. al. Quantitative analysis of biological membrane lipids at the low picomole level by nano-electrospray ionization tandem mass spectrometry. Proc. Natl. Acad. Sci. U.S.A., 94, 2339-2344 (1997)."
144,1,0,phosphatidylethanolamine,[PE_196],[PhosphatidylEthanolamine_196],2-aminoethyl oxiran-2-ylmethyl phosphate,NCCOP([O-])(=O)OCC1CO1,C5H11NO5P,196.0380326,0,1,0,1,0.0,"Brügger, B. et. al. Quantitative analysis of biological membrane lipids at the low picomole level by nano-electrospray ionization tandem mass spectrometry. Proc. Natl. Acad. Sci. U.S.A., 94, 2339-2344 (1997)."
252,1,0,phosphatidylethanolamine,[PE_197],[PE_197],,,C5H12NO5P,197.0453072,1,0,0,1,0.0,"Yan, M et. al. MS2Analyzer  A Software for Small Molecule Substructure Annotations from Accurate Tandem Mass Spectra"
141,1,0,phosphatidylglycerol,[PG_153],[Phosphatidylglycerol_153],"4?(hydroxymethyl)?2?oxo?1,3,2???dioxaphospholan?2?olate",OCC1COP([O-])(=O)O1,C3H6O5P,152.9958334,0,1,0,1,0.0,"Brügger, B. et. al. Quantitative analysis of biological membrane lipids at the low picomole level by nano-electrospray ionization tandem mass spectrometry. Proc. Natl. Acad. Sci. U.S.A., 94, 2339-2344 (1997)."
250,1,0,phosphatidylglycerol,[PG_189],[PG_189],,,C3H12NO6P,189.0402222,1,0,1,0,0.0,"Yan, M et. al. MS2Analyzer  A Software for Small Molecule Substructure Annotations from Accurate Tandem Mass Spectra"
142,1,0,phosphatidylinositol,[PI_241],[PhosphatidylInositol_241],"4,5,6,7-tetrahydroxy-2-oxo-hexahydro-2H-1,3,2??-benzodioxaphosphol-2-olate",OC1C2OP([O-])(=O)OC2C(O)C(O)C1O,C6H10O8P,241.0118774,0,1,0,1,0.0,"Brügger, B. et. al. Quantitative analysis of biological membrane lipids at the low picomole level by nano-electrospray ionization tandem mass spectrometry. Proc. Natl. Acad. Sci. U.S.A., 94, 2339-2344 (1997)."
261,1,0,phosphatidylinositol,[PI_277],[PI_277],,,C6H16NO9P,277.0562656,1,0,1,0,0.0,"Yan, M et. al. MS2Analyzer  A Software for Small Molecule Substructure Annotations from Accurate Tandem Mass Spectra"
140,1,0,phosphatidylserine,[PS_185],[PhosphatidylSerine_185],1?carboxy?2?(hydrogen phosphonatooxy)ethan?1?aminium,[NH3+]C(COP(O)([O-])=O)C(O)=O,C3H8NO6P,185.0089235,1,0,1,0,0.0,"Brügger, B. et. al. Quantitative analysis of biological membrane lipids at the low picomole level by nano-electrospray ionization tandem mass spectrometry. Proc. Natl. Acad. Sci. U.S.A., 94, 2339-2344 (1997)."
143,1,0,phosphatidylserine,[PS_87],[PhosphatidylSerine_87],2-aminoprop-2-enoic acid,NC(=C)C(O)=O,C3H5NO2,87.03202841,1,0,0,1,0.0,"Brügger, B. et. al. Quantitative analysis of biological membrane lipids at the low picomole level by nano-electrospray ionization tandem mass spectrometry. Proc. Natl. Acad. Sci. U.S.A., 94, 2339-2344 (1997)."
146,1,0,phthalate,[Phthalate_149],[Phthalate_149],"1,3-dioxo-2,3-dihydro-1H-2-benzofuran-2-ium",O=C1[OH+]C(=O)C2=C1C=CC=C2,C8H5O3,149.0233204,0,1,1,0,0.0,
267,1,0,polysiloxane,[pSilox_73],[pSilox_73],trimethylsilylium,C[Si+](C)C,C3H9Si,73.04735182,0,1,1,0,0.0,"Fouquet, T et. al. Electrospray_tandem_mass_spectrometry_combined_with_authentic_compound_synthesis_for_structural_characterization_of_an_octamethylcyclotetrasiloxane_plasma_polymer "
268,1,0,polysiloxane,[pSilox_88],[pSilox_88],tetramethylsilane,C[Si](C)(C)C,C4H12Si,88.07082692,1,0,1,0,0.0,"Fouquet, T et. al. Electrospray_tandem_mass_spectrometry_combined_with_authentic_compound_synthesis_for_structural_characterization_of_an_octamethylcyclotetrasiloxane_plasma_polymer "
116,0,1,potassium,[K],[K],,,,37.955882,1,0,1,1,37.955882,Even-electron ions: a systematic study of the neutral species lost in the dissociation of quasi-molecular ions
61,1,0,reduction NO,[+H and -NO],[+H and -NO],,,,28.99016359,1,0,1,1,0.0,Even-electron ions: a systematic study of the neutral species lost in the dissociation of quasi-molecular ions
62,1,0,reduction NO2,[+H and -NO2],[+H and -NO2],,,,44.98507821,1,0,1,1,0.0,Even-electron ions: a systematic study of the neutral species lost in the dissociation of quasi-molecular ions
245,1,0,rhamonoside,[Rhamnose],[Rhamnose],,,C6H12O5,164.0684702,1,0,0,1,0.0,"Yan, M et. al. MS2Analyzer  A Software for Small Molecule Substructure Annotations from Accurate Tandem Mass Spectra"
199,1,0,serine residue,[dehydroalanine],[dehydroalanine],,,C3H5NO,71.037112,1,0,1,0,0.0,"Yan, M et. al. MS2Analyzer  A Software for Small Molecule Substructure Annotations from Accurate Tandem Mass Spectra"
120,0,1,sodium,[Na],[Na],,,,21.981945,1,0,1,1,21.981945,Even-electron ions: a systematic study of the neutral species lost in the dissociation of quasi-molecular ions
145,1,0,sphingomyelin,[SM_168],[SphingoMyelin_168],2-(dimethylamino)ethyl hydrogen phosphate,CN(C)CCOP(O)([O-])=O,C4H11NO4P,168.0431179,0,1,0,1,0.0,"Brügger, B. et. al. Quantitative analysis of biological membrane lipids at the low picomole level by nano-electrospray ionization tandem mass spectrometry. Proc. Natl. Acad. Sci. U.S.A., 94, 2339-2344 (1997)."
54,1,0,sulfate,[Sulf_96],[Sulfate Hydrogen Sulfate],hydrogen sulfate,OS([O-])(=O)=O,HO4S,96.96010327,0,1,0,1,79.956817,"Levsen, K. et. al. Structure elucidation of phase II metabolites by tandem mass spectrometry: an overview, Journal of Chromatography A, Volume 1067, Issues 12, 4 March 2005, Pages 55-72, ISSN 0021-9673, http://dx.doi.org/10.1016/j.chroma.2004.08.165."
55,1,0,sulfate,[Sulf_95],[Sulfate sulfooxidanyl],sulfooxidanyl,[O]S([O-])(=O)=O,O4S,95.95227823,0,1,0,1,79.956817,"Levsen, K. et. al. Structure elucidation of phase II metabolites by tandem mass spectrometry: an overview, Journal of Chromatography A, Volume 1067, Issues 12, 4 March 2005, Pages 55-72, ISSN 0021-9673, http://dx.doi.org/10.1016/j.chroma.2004.08.165."
56,1,0,sulfate,[Sulf SO2],[Sulfate SO2],(oxo-??-sulfanylidene)oxidane,O=S=O,O2S,63.96190041,1,0,0,1,79.956817,"Levsen, K. et. al. Structure elucidation of phase II metabolites by tandem mass spectrometry: an overview, Journal of Chromatography A, Volume 1067, Issues 12, 4 March 2005, Pages 55-72, ISSN 0021-9673, http://dx.doi.org/10.1016/j.chroma.2004.08.165."
57,1,0,sulfate,[Sulf_79],[Sulfate SO3 radical],sulfonato,[O-][S](=O)=O,O3S,79.95736361,0,1,0,1,79.956817,"Levsen, K. et. al. Structure elucidation of phase II metabolites by tandem mass spectrometry: an overview, Journal of Chromatography A, Volume 1067, Issues 12, 4 March 2005, Pages 55-72, ISSN 0021-9673, http://dx.doi.org/10.1016/j.chroma.2004.08.165."
58,1,0,sulfate,[Sulf_80],[Sulfate Sulfonyloxidanyl],sulfonyloxidanyl,[O]S(=O)=O,HO3S,80.96464007,1,0,1,0,79.956817,"Levsen, K. et. al. Structure elucidation of phase II metabolites by tandem mass spectrometry: an overview, Journal of Chromatography A, Volume 1067, Issues 12, 4 March 2005, Pages 55-72, ISSN 0021-9673, http://dx.doi.org/10.1016/j.chroma.2004.08.165."
59,1,0,sulfate,[Sulf_97],[Sulfate Sulfuric acid],sulfuric acid,OS(O)(=O)=O,H2O4S,97.96737972,1,0,0,1,79.956817,"Levsen, K. et. al. Structure elucidation of phase II metabolites by tandem mass spectrometry: an overview, Journal of Chromatography A, Volume 1067, Issues 12, 4 March 2005, Pages 55-72, ISSN 0021-9673, http://dx.doi.org/10.1016/j.chroma.2004.08.165."
60,1,0,sulfate,[Sulf_79],[Sulfate],sulfonylideneoxidane,O=S(=O)=O,O3S,79.95681503,1,0,1,1,79.956817,"Levsen, K. et. al. Structure elucidation of phase II metabolites by tandem mass spectrometry: an overview, Journal of Chromatography A, Volume 1067, Issues 12, 4 March 2005, Pages 55-72, ISSN 0021-9673, http://dx.doi.org/10.1016/j.chroma.2004.08.165."
214,1,0,sulfonate group,[H2SO3],[H2SO3],,,H2SO3,81.9724662,1,0,1,0,0.0,"Yan, M et. al. MS2Analyzer  A Software for Small Molecule Substructure Annotations from Accurate Tandem Mass Spectra"
195,1,0,"sulfonic acids, sulfonates",[SO2],[SO2],,,SO2,63.961902,1,0,0,1,0.0,"Yan, M et. al. MS2Analyzer  A Software for Small Molecule Substructure Annotations from Accurate Tandem Mass Spectra"
259,1,0,sulfoquinovosyldiacylglycerol,[SQVD_261],[SQVD_261],,,C6H13O9S,261.0280268,1,0,1,0,0.0,"Yan, M et. al. MS2Analyzer  A Software for Small Molecule Substructure Annotations from Accurate Tandem Mass Spectra"
266,1,0,sulfoquinovosyldiacylglycerol,[SQDG_225],[SQDG_225],,,C6H9O7S,225.0068984,0,1,0,1,0.0,"Yan, M et. al. MS2Analyzer  A Software for Small Molecule Substructure Annotations from Accurate Tandem Mass Spectra"
160,1,0,sulfur compounds,[S],[S],,,S,31.972072,1,0,0,0,0.0,"Yan, M et. al. MS2Analyzer  A Software for Small Molecule Substructure Annotations from Accurate Tandem Mass Spectra"
124,1,0,taurine,[Taurine],[Taurine],,,,125.0146638,1,0,1,0,107.004101,Even-electron ions: a systematic study of the neutral species lost in the dissociation of quasi-molecular ions
125,0,1,TFA,[TFA],[TFA Trifluoroacetic acid],,,,113.992867,1,0,1,1,113.992867,Even-electron ions: a systematic study of the neutral species lost in the dissociation of quasi-molecular ions
126,0,1,TFA,[TFA-],[TFA Trifluoroacetic acid-],,,,112.985591,0,1,0,1,113.992867,Even-electron ions: a systematic study of the neutral species lost in the dissociation of quasi-molecular ions
127,0,1,TFA,[TFA+],[TFA Trifluoroacetic acid+],,,,114.992867,0,1,1,0,113.992867,Even-electron ions: a systematic study of the neutral species lost in the dissociation of quasi-molecular ions
163,1,0,thiols,[H2S],[H2S],,,H2S,33.9877212,1,0,1,0,0.0,"Yan, M et. al. MS2Analyzer  A Software for Small Molecule Substructure Annotations from Accurate Tandem Mass Spectra"
81,1,0,triazines,[C2H4],[C2H4],,,,28.03130013,1,0,1,1,0.0,Even-electron ions: a systematic study of the neutral species lost in the dissociation of quasi-molecular ions
168,1,0,triazines,[C3H6],[C3H6],,,C3H6,42.0469476,1,0,1,0,0.0,"Yan, M et. al. MS2Analyzer  A Software for Small Molecule Substructure Annotations from Accurate Tandem Mass Spectra"
208,1,0,triazines,[CH2N2+HCl],[CH2N2+HCl],,,CH3N2Cl,77.9984748,1,0,1,0,0.0,"Yan, M et. al. MS2Analyzer  A Software for Small Molecule Substructure Annotations from Accurate Tandem Mass Spectra"
216,1,0,triazines,[C3H6+C3H6],[C3H6+C3H6],,,C6H12,84.0938952,1,0,0,0,0.0,"Yan, M et. al. MS2Analyzer  A Software for Small Molecule Substructure Annotations from Accurate Tandem Mass Spectra"
63,0,0,,[+H2 and -O],[+H2 and -O],,,,13.97926456,1,0,1,1,0.0,Even-electron ions: a systematic study of the neutral species lost in the dissociation of quasi-molecular ions
64,0,0,,[+H2 and -O2],[+H2 and -O2],,,,29.97417918,1,0,1,1,0.0,Even-electron ions: a systematic study of the neutral species lost in the dissociation of quasi-molecular ions
65,0,0,,[+O and -C2H4],[+O and -C2H4],,,,12.03638551,1,0,1,1,0.0,Even-electron ions: a systematic study of the neutral species lost in the dissociation of quasi-molecular ions
66,0,0,,[+O and -NH3],[+O and -NH3],,,,0.984015583,1,0,1,1,0.0,Even-electron ions: a systematic study of the neutral species lost in the dissociation of quasi-molecular ions
67,0,0,,[+O and -S],[+O and -S],,,,15.97715638,1,0,1,1,0.0,Even-electron ions: a systematic study of the neutral species lost in the dissociation of quasi-molecular ions
84,0,0,,[C4H9],[C4H9],,,,57.07042529,1,0,1,1,0.0,Even-electron ions: a systematic study of the neutral species lost in the dissociation of quasi-molecular ions
91,0,0,,[CH3CO],[CH3CO],,,,43.01838972,1,0,1,1,0.0,Even-electron ions: a systematic study of the neutral species lost in the dissociation of quasi-molecular ions
97,0,0,,[Demethyl],[Demethylation],,,,14.01565006,1,0,1,1,0.0,Even-electron ions: a systematic study of the neutral species lost in the dissociation of quasi-molecular ions
112,0,0,,[H4],[H4],,,,4.031300128,1,0,1,1,0.0,Even-electron ions: a systematic study of the neutral species lost in the dissociation of quasi-molecular ions
113,0,0,,[HCNO],[HCNO],,,,43.00581366,1,0,1,1,0.0,Even-electron ions: a systematic study of the neutral species lost in the dissociation of quasi-molecular ions
115,0,0,,[Isobutene C4H8],[Isobutene C4H8],,,,56.06260026,1,0,1,1,0.0,Even-electron ions: a systematic study of the neutral species lost in the dissociation of quasi-molecular ions
